Id,OverallQual,GrLivArea,GarageCars,TotalBsmtSF,FullBath,YearBuilt,YearRemodAdd,Fireplaces,LotArea,Neighborhood,ExterQual,KitchenQual,CentralAir,TotalSF,HouseAge,RemodAge,IsRemodeled,Qual_x_Area,Qual_x_TotalSF,HasFireplace,LotRatio,SalePrice
c,c,c,c,c,c,c,c,c,c,d,d,d,d,c,c,c,c,c,c,c,c,c
meta,,,,,,,,,,,,,,,,,,,,,,class
1,7,1710,2,856,2,2003,2003,0,8450,CollgCr,Gd,Gd,Y,2566,7,7,0,11970,17962,0,0.202367,208500
2,6,1262,2,1262,2,1976,1976,1,9600,Veenker,TA,TA,Y,2524,34,34,0,7572,15144,1,0.131458,181500
3,7,1786,2,920,2,2001,2002,1,11250,CollgCr,Gd,Gd,Y,2706,9,8,1,12502,18942,1,0.158756,223500
4,7,1717,3,756,1,1915,1970,1,9550,Crawfor,TA,Gd,Y,2473,95,40,1,12019,17311,1,0.179791,140000
5,8,2198,3,1145,2,2000,2000,1,14260,NoRidge,Gd,Gd,Y,3343,10,10,0,17584,26744,1,0.154137,250000
6,5,1362,2,796,1,1993,1995,0,14115,Mitchel,TA,TA,Y,2158,17,15,1,6810,10790,0,0.096493,143000
7,8,1694,2,1686,2,2004,2005,1,10084,Somerst,Gd,Gd,Y,3380,6,5,1,13552,27040,1,0.167989,307000
8,7,2090,2,1107,2,1973,1973,2,10382,NWAmes,TA,TA,Y,3197,37,37,0,14630,22379,1,0.20131,200000
9,7,1774,2,952,2,1931,1950,2,6120,OldTown,TA,TA,Y,2726,79,60,1,12418,19082,1,0.289869,129900
10,5,1077,1,991,1,1939,1950,2,7420,BrkSide,TA,TA,Y,2068,71,60,1,5385,10340,1,0.145148,118000
11,5,1040,1,1040,1,1965,1965,0,11200,Sawyer,TA,TA,Y,2080,45,45,0,5200,10400,0,0.092857,129500
12,9,2324,3,1175,3,2005,2006,2,11924,NridgHt,Ex,Ex,Y,3499,5,4,1,20916,31491,1,0.194901,345000
13,5,912,1,912,1,1962,1962,0,12968,Sawyer,TA,TA,Y,1824,48,48,0,4560,9120,0,0.070327,144000
14,7,1494,3,1494,2,2006,2007,1,10652,CollgCr,Gd,Gd,Y,2988,4,3,1,10458,20916,1,0.140255,279500
15,6,1253,1,1253,1,1960,1960,1,10920,NAmes,TA,TA,Y,2506,50,50,0,7518,15036,1,0.114744,157000
16,7,854,2,832,1,1929,2001,0,6120,BrkSide,TA,TA,Y,1686,81,9,1,5978,11802,0,0.139542,132000
17,6,1004,2,1004,1,1970,1970,1,11241,NAmes,TA,TA,Y,2008,40,40,0,6024,12048,1,0.089316,149000
18,4,1296,2,0,2,1967,1967,0,10791,Sawyer,TA,TA,Y,1296,43,43,0,5184,5184,0,0.1201,90000
19,5,1114,2,1114,1,2004,2004,0,13695,SawyerW,TA,Gd,Y,2228,6,6,0,5570,11140,0,0.081344,159000
20,5,1339,1,1029,1,1958,1965,0,7560,NAmes,TA,TA,Y,2368,52,45,1,6695,11840,0,0.177116,139000
21,8,2376,3,1158,3,2005,2006,1,14215,NridgHt,Gd,Gd,Y,3534,5,4,1,19008,28272,1,0.167147,325300
22,7,1108,1,637,1,1930,1950,1,7449,IDOTRR,TA,Gd,Y,1745,80,60,1,7756,12215,1,0.148745,139400
23,8,1795,2,1777,2,2002,2002,1,9742,CollgCr,Gd,Gd,Y,3572,8,8,0,14360,28576,1,0.184254,230000
24,5,1060,2,1040,1,1976,1976,1,4224,MeadowV,TA,TA,Y,2100,34,34,0,5300,10500,1,0.250947,129900
25,5,1060,1,1060,1,1968,2001,1,8246,Sawyer,TA,Gd,Y,2120,42,9,1,5300,10600,1,0.128547,154000
26,8,1600,3,1566,2,2007,2007,1,14230,NridgHt,Gd,Gd,Y,3166,3,3,0,12800,25328,1,0.112439,256300
27,5,900,2,900,1,1951,2000,0,7200,NAmes,TA,Gd,Y,1800,59,10,1,4500,9000,0,0.125,134800
28,8,1704,3,1704,2,2007,2008,1,11478,NridgHt,Gd,Gd,Y,3408,3,2,1,13632,27264,1,0.148458,306000
29,5,1600,1,1484,1,1957,1997,2,16321,NAmes,TA,TA,Y,3084,53,13,1,8000,15420,1,0.098033,207500
30,4,520,1,520,1,1927,1950,0,6324,BrkSide,TA,Fa,N,1040,83,60,1,2080,4160,0,0.082226,68500
31,4,1317,1,649,1,1920,1950,0,8500,IDOTRR,TA,TA,N,1966,90,60,1,5268,7864,0,0.154941,40000
32,5,1228,1,1228,1,1966,2006,0,8544,Sawyer,TA,Gd,Y,2456,44,4,1,6140,12280,0,0.143727,149350
33,8,1234,2,1234,2,2007,2007,0,11049,CollgCr,Gd,Gd,Y,2468,3,3,0,9872,19744,0,0.111684,179900
34,5,1700,2,1398,1,1959,1959,1,10552,NAmes,TA,Gd,Y,3098,51,51,0,8500,15490,1,0.161107,165500
35,9,1561,2,1561,2,2005,2005,1,7313,NridgHt,Ex,Ex,Y,3122,5,5,0,14049,28098,1,0.213455,277500
36,8,2452,3,1117,3,2004,2005,1,13418,NridgHt,Gd,Gd,Y,3569,6,5,1,19616,28552,1,0.18274,309000
37,5,1097,2,1097,1,1994,1995,0,10859,CollgCr,TA,TA,Y,2194,16,15,1,5485,10970,0,0.101022,145000
38,5,1297,2,1297,1,1954,1990,1,8532,NAmes,TA,TA,Y,2594,56,20,1,6485,12970,1,0.152016,153000
39,5,1057,1,1057,1,1953,2007,0,7922,NAmes,TA,Gd,Y,2114,57,3,1,5285,10570,0,0.133426,109000
40,4,1152,0,0,2,1955,1955,0,6040,Edwards,TA,Fa,N,1152,55,55,0,4608,4608,0,0.190728,82000
41,6,1324,2,1088,2,1965,1965,1,8658,NAmes,TA,TA,Y,2412,45,45,0,7944,14472,1,0.152922,160000
42,5,1328,1,1350,1,1959,1959,2,16905,Timber,TA,TA,Y,2678,51,51,0,6640,13390,1,0.078557,170000
43,5,884,2,840,1,1983,1983,0,9180,SawyerW,TA,Gd,Y,1724,27,27,0,4420,8620,0,0.096296,144000
44,5,938,1,938,1,1975,1980,0,9200,CollgCr,TA,TA,Y,1876,35,30,1,4690,9380,0,0.101957,130250
45,5,1150,1,1150,1,1959,1959,0,7945,NAmes,TA,TA,Y,2300,51,51,0,5750,11500,0,0.144745,141000
46,9,1752,2,1752,2,2005,2005,1,7658,NridgHt,Ex,Ex,Y,3504,5,5,0,15768,31536,1,0.22878,319900
47,7,2149,2,1434,1,2003,2003,1,12822,Mitchel,Gd,Gd,Y,3583,7,7,0,15043,25081,1,0.167603,239686
48,8,1656,3,1656,2,2006,2006,0,11096,Somerst,Gd,Gd,Y,3312,4,4,0,13248,26496,0,0.149243,249700
49,4,1452,0,736,2,1920,2008,0,4456,OldTown,TA,TA,Y,2188,90,2,1,5808,8752,0,0.325853,113000
50,5,955,1,955,1,1966,1966,0,7742,Sawyer,TA,TA,Y,1910,44,44,0,4775,9550,0,0.123353,127000
51,6,1470,2,794,2,1997,1997,0,13869,Gilbert,TA,TA,Y,2264,13,13,0,8820,13584,0,0.105992,177000
52,6,1176,2,816,1,1934,1950,1,6240,BrkSide,TA,TA,Y,1992,76,60,1,7056,11952,1,0.188462,114500
53,5,816,2,816,1,1963,1963,0,8472,IDOTRR,Fa,TA,N,1632,47,47,0,4080,8160,0,0.096317,110000
54,9,1842,3,1842,0,1981,1987,1,50271,Veenker,Gd,Gd,Y,3684,29,23,1,16578,33156,1,0.036641,385000
55,5,1360,2,384,1,1955,1955,1,7134,NAmes,TA,TA,Y,1744,55,55,0,6800,8720,1,0.190636,130000
56,6,1425,2,1425,2,1964,1964,1,10175,NAmes,TA,TA,Y,2850,46,46,0,8550,17100,1,0.140049,180500
57,8,1739,2,970,2,1999,2000,0,2645,Somerst,Gd,Gd,Y,2709,11,10,1,13912,21672,0,0.657467,172500
58,7,1720,2,860,2,2004,2004,0,11645,CollgCr,Gd,Gd,Y,2580,6,6,0,12040,18060,0,0.147703,196500
59,10,2945,3,1410,3,2006,2006,1,13682,StoneBr,Ex,Gd,Y,4355,4,4,0,29450,43550,1,0.215246,438780
60,5,780,1,780,1,1972,1972,0,7200,CollgCr,TA,TA,Y,1560,38,38,0,3900,7800,0,0.108333,124900
61,6,1158,2,1158,1,2004,2004,0,13072,SawyerW,TA,Gd,Y,2316,6,6,0,6948,13896,0,0.088586,158000
62,5,1111,1,530,1,1920,1996,0,7200,IDOTRR,TA,Fa,N,1641,90,14,1,5555,8205,0,0.154306,101000
63,8,1370,2,1370,2,2006,2006,1,6442,NridgHt,Gd,Gd,Y,2740,4,4,0,10960,21920,1,0.212667,202500
64,7,1710,2,576,2,1921,1950,0,10300,OldTown,TA,TA,Y,2286,89,60,1,11970,16002,0,0.166019,140000
65,7,2034,2,1057,2,1997,1998,0,9375,CollgCr,TA,Gd,Y,3091,13,12,1,14238,21637,0,0.21696,219500
66,8,2473,3,1143,2,2004,2005,1,9591,NridgHt,Gd,Gd,Y,3616,6,5,1,19784,28928,1,0.257846,317000
67,7,2207,2,1947,2,1970,1989,1,19900,NAmes,TA,TA,Y,4154,40,21,1,15449,29078,1,0.110905,180000
68,7,1479,2,1453,2,2003,2003,0,10665,CollgCr,Gd,Gd,Y,2932,7,7,0,10353,20524,0,0.138678,226000
69,4,747,1,747,1,1945,1950,0,4608,OldTown,TA,TA,Y,1494,65,60,1,2988,5976,0,0.162109,80000
70,7,2287,2,1304,2,1953,1953,1,15593,ClearCr,Gd,TA,Y,3591,57,57,0,16009,25137,1,0.146668,225000
71,7,2223,2,2223,2,1973,1973,2,13651,NAmes,TA,TA,Y,4446,37,37,0,15561,31122,1,0.162845,244000
72,4,845,2,845,1,1982,2006,0,7599,Mitchel,TA,TA,Y,1690,28,4,1,3380,6760,0,0.111199,129500
73,7,1718,2,832,2,1998,1998,1,10141,Gilbert,TA,TA,Y,2550,12,12,0,12026,17850,1,0.169411,185000
74,5,1086,2,1086,1,1954,2003,0,10200,NAmes,TA,TA,Y,2172,56,7,1,5430,10860,0,0.106471,144900
75,3,1605,1,840,2,1915,1950,0,5790,OldTown,Gd,TA,N,2445,95,60,1,4815,7335,0,0.277202,107400
76,4,988,1,462,1,1973,1973,0,1596,MeadowV,TA,TA,Y,1450,37,37,0,3952,5800,0,0.619048,91000
77,4,952,1,952,1,1956,1956,0,8475,NAmes,TA,TA,Y,1904,54,54,0,3808,7616,0,0.11233,135750
78,5,1285,1,672,1,1948,2001,0,8635,BrkSide,TA,TA,Y,1957,62,9,1,6425,9785,0,0.148813,127000
79,4,1768,0,1768,2,1968,1968,0,10778,Sawyer,TA,TA,N,3536,42,42,0,7072,14144,0,0.164038,136500
80,5,1230,2,440,1,1910,1981,0,10440,OldTown,TA,TA,Y,1670,100,29,1,6150,8350,0,0.117816,110000
81,6,2142,1,896,2,1968,1968,1,13000,NAmes,TA,Gd,Y,3038,42,42,0,12852,18228,1,0.164769,193500
82,6,1337,2,1237,2,1998,1998,0,4500,Mitchel,TA,TA,Y,2574,12,12,0,8022,15444,0,0.297111,153500
83,8,1563,3,1563,2,2007,2007,1,10206,Somerst,TA,Gd,Y,3126,3,3,0,12504,25008,1,0.153145,245000
84,5,1065,2,1065,1,1960,1960,0,8892,NAmes,TA,TA,Y,2130,50,50,0,5325,10650,0,0.119771,126500
85,7,1474,2,384,2,1995,1996,1,8530,Gilbert,TA,TA,Y,1858,15,14,1,10318,13006,1,0.172802,168500
86,8,2417,2,1288,2,1991,1992,1,16059,NoRidge,Gd,Gd,Y,3705,19,18,1,19336,29640,1,0.150508,260000
87,6,1560,2,684,2,2005,2005,1,11911,Gilbert,Gd,Gd,Y,2244,5,5,0,9360,13464,1,0.130971,174000
88,6,1224,2,612,2,2009,2009,0,3951,Somerst,Gd,Gd,Y,1836,1,1,0,7344,11016,0,0.309795,164500
89,3,1526,0,1013,1,1915,1982,0,8470,IDOTRR,Fa,Fa,N,2539,95,28,1,4578,7617,0,0.180165,85000
90,4,990,0,990,1,1994,1995,0,8070,CollgCr,TA,TA,Y,1980,16,15,1,3960,7920,0,0.122677,123600
91,4,1040,2,0,1,1950,1950,0,7200,NAmes,TA,TA,Y,1040,60,60,0,4160,4160,0,0.144444,109900
92,5,1235,2,1235,1,1961,1961,0,8500,NAmes,TA,TA,Y,2470,49,49,0,6175,12350,0,0.145294,98600
93,5,964,2,876,1,1921,2006,0,13360,Crawfor,TA,TA,Y,1840,89,4,1,4820,9200,0,0.072156,163500
94,6,2291,2,1214,2,1910,1998,1,7200,OldTown,TA,TA,N,3505,100,12,1,13746,21030,1,0.318194,133900
95,6,1786,2,824,2,1997,1997,0,9337,CollgCr,TA,Gd,Y,2610,13,13,0,10716,15660,0,0.191282,204750
96,6,1470,2,680,2,1993,1993,1,9765,Gilbert,Ex,TA,Y,2150,17,17,0,8820,12900,1,0.150538,185000
97,7,1588,2,1588,2,1999,1999,0,10264,CollgCr,Gd,Gd,Y,3176,11,11,0,11116,22232,0,0.154716,214000
98,4,960,1,960,1,1965,1965,0,10921,Edwards,TA,TA,Y,1920,45,45,0,3840,7680,0,0.087904,94750
99,5,835,1,458,1,1920,1950,0,10625,Edwards,TA,TA,N,1293,90,60,1,4175,6465,0,0.078588,83000
100,4,1225,0,950,1,1959,1959,0,9320,NAmes,TA,TA,Y,2175,51,51,0,4900,8700,0,0.131438,128950
101,6,1610,2,1610,2,1977,2001,2,10603,NWAmes,TA,Gd,Y,3220,33,9,1,9660,19320,1,0.151844,205000
102,6,1732,2,741,2,1985,1985,1,9206,SawyerW,Gd,Gd,Y,2473,25,25,0,10392,14838,1,0.188138,178000
103,5,1535,2,0,2,1979,1979,0,7018,SawyerW,TA,TA,Y,1535,31,31,0,7675,7675,0,0.218723,118964
104,7,1226,3,1226,2,2009,2009,0,10402,CollgCr,TA,Gd,Y,2452,1,1,0,8582,17164,0,0.117862,198900
105,7,1818,1,1040,1,1931,1950,2,7758,IDOTRR,TA,TA,Y,2858,79,60,1,12726,20006,1,0.234339,169500
106,8,1992,2,1053,2,2003,2004,1,9375,Somerst,Gd,Gd,Y,3045,7,6,1,15936,24360,1,0.21248,250000
107,4,1047,1,641,1,1885,1995,0,10800,OldTown,TA,TA,Y,1688,125,15,1,4188,6752,0,0.096944,100000
108,5,789,1,789,1,1948,1950,0,6000,OldTown,TA,TA,Y,1578,62,60,1,3945,7890,0,0.1315,115000
109,5,1517,0,793,2,1919,2005,0,8500,IDOTRR,TA,Fa,N,2310,91,5,1,7585,11550,0,0.178471,115000
110,6,1844,2,1844,2,1977,1977,1,11751,NWAmes,TA,TA,Y,3688,33,33,0,11064,22128,1,0.156923,190000
111,6,1855,1,994,2,1954,1972,0,9525,Edwards,TA,TA,Y,2849,56,38,1,11130,17094,0,0.194751,136900
112,7,1430,2,384,2,2000,2000,1,7750,Gilbert,TA,TA,Y,1814,10,10,0,10010,12698,1,0.184516,180000
113,7,2696,3,1264,2,2007,2007,1,9965,CollgCr,Gd,Ex,Y,3960,3,3,0,18872,27720,1,0.270547,383970
114,6,2259,2,1809,2,1953,1953,2,21000,Crawfor,TA,Gd,Y,4068,57,57,0,13554,24408,1,0.107571,217000
115,6,2320,1,1028,2,1945,2002,1,7259,Crawfor,TA,Gd,Y,3348,65,8,1,13920,20088,1,0.319603,259500
116,6,1458,2,729,2,1999,1999,1,3230,Somerst,TA,TA,Y,2187,11,11,0,8748,13122,1,0.451393,176000
117,5,1092,1,1092,1,1962,1962,1,11616,Sawyer,TA,TA,Y,2184,48,48,0,5460,10920,1,0.094008,139000
118,5,1125,2,1125,1,2006,2007,0,8536,Edwards,TA,TA,Y,2250,4,3,1,5625,11250,0,0.131795,155000
119,7,3222,3,1673,3,1990,1990,2,12376,SawyerW,TA,Gd,Y,4895,20,20,0,22554,34265,1,0.260343,320000
120,6,1456,2,728,2,2005,2006,1,8461,CollgCr,Gd,Gd,Y,2184,5,4,1,8736,13104,1,0.172084,163990
121,6,988,2,938,1,1969,1969,2,21453,ClearCr,TA,TA,Y,1926,41,41,0,5928,11556,1,0.046054,180000
122,4,1123,1,732,1,1939,1950,0,6060,IDOTRR,TA,TA,Y,1855,71,60,1,4492,7420,0,0.185314,100000
123,6,1080,1,1080,1,1958,1958,0,9464,NAmes,TA,TA,Y,2160,52,52,0,6480,12960,0,0.114117,136000
124,6,1199,2,1199,2,1993,1993,0,7892,SawyerW,Gd,Gd,Y,2398,17,17,0,7194,14388,0,0.151926,153900
125,6,1586,2,1362,2,1979,1998,1,17043,NWAmes,TA,TA,Y,2948,31,12,1,9516,17688,1,0.093059,181000
126,6,754,0,520,1,1935,1982,0,6780,IDOTRR,TA,TA,N,1274,75,28,1,4524,7644,0,0.111209,84500
127,6,958,2,1078,2,1976,1976,1,4928,NPkVill,TA,TA,Y,2036,34,34,0,5748,12216,1,0.194399,128000
128,5,840,0,672,1,1930,1950,1,4388,OldTown,TA,TA,Y,1512,80,60,1,4200,7560,1,0.191431,87000
129,6,1348,2,660,1,1966,1966,1,7590,NAmes,TA,TA,Y,2008,44,44,0,8088,12048,1,0.177602,155000
130,5,1053,2,1008,1,1958,1991,0,8973,NAmes,TA,Ex,Y,2061,52,19,1,5265,10305,0,0.117352,150000
131,7,2157,2,924,2,1966,1966,2,14200,NAmes,TA,Gd,Y,3081,44,44,0,15099,21567,1,0.151901,226000
132,6,2054,2,992,2,2000,2000,1,12224,Gilbert,Gd,Gd,Y,3046,10,10,0,12324,18276,1,0.16803,244000
133,5,1327,2,1063,1,1959,2002,0,7388,NAmes,TA,Gd,Y,2390,51,8,1,6635,11950,0,0.179616,150750
134,8,1296,2,1267,2,2001,2002,0,6853,Timber,Gd,Gd,Y,2563,9,8,1,10368,20504,0,0.189114,220000
135,5,1721,2,1461,2,1968,1993,1,10335,Sawyer,TA,TA,Y,3182,42,17,1,8605,15910,1,0.166522,180000
136,7,1682,2,1304,2,1970,1970,1,10400,NWAmes,TA,TA,Y,2986,40,40,0,11774,20902,1,0.161731,174000
137,5,1214,1,1214,2,1967,1967,1,10355,NAmes,TA,TA,Y,2428,43,43,0,6070,12140,1,0.117238,143000
138,7,1959,3,1907,3,1988,1989,0,11070,Mitchel,TA,TA,Y,3866,22,21,1,13713,27062,0,0.176965,171000
139,8,1852,3,1004,2,1999,2000,2,9066,CollgCr,Gd,Gd,Y,2856,11,10,1,14816,22848,1,0.20428,230000
140,6,1764,2,928,2,1997,1997,0,15426,CollgCr,TA,Gd,Y,2692,13,13,0,10584,16152,0,0.114352,231500
141,4,864,0,864,1,1971,1971,1,10500,NAmes,TA,TA,Y,1728,39,39,0,3456,6912,1,0.082286,115000
142,7,1734,2,1734,2,2005,2005,0,11645,CollgCr,Gd,Gd,Y,3468,5,5,0,12138,24276,0,0.148905,260000
143,5,1385,2,910,2,1952,1952,0,8520,NAmes,TA,TA,Y,2295,58,58,0,6925,11475,0,0.162559,166000
144,7,1501,2,1490,2,1999,1999,0,10335,CollgCr,Gd,Gd,Y,2991,11,11,0,10507,20937,0,0.145235,204000
145,5,1728,2,1728,2,1963,1963,0,9100,Sawyer,TA,TA,Y,3456,47,47,0,8640,17280,0,0.18989,125000
146,6,1709,2,970,2,2004,2006,0,2522,Edwards,Gd,Gd,Y,2679,6,4,1,10254,16074,0,0.677637,130000
147,5,875,1,715,1,1931,1993,0,6120,BrkSide,TA,TA,Y,1590,79,17,1,4375,7950,0,0.142974,105000
148,7,2035,2,884,2,2001,2001,1,9505,Gilbert,Gd,Gd,Y,2919,9,9,0,14245,20433,1,0.214098,222500
149,7,1080,0,1080,1,2004,2005,0,7500,SawyerW,TA,Gd,Y,2160,6,5,1,7560,15120,0,0.144,141000
150,5,1344,1,896,1,1936,1950,0,6240,BrkSide,TA,TA,Y,2240,74,60,1,6720,11200,0,0.215385,115000
151,5,969,2,969,1,1975,1975,0,10356,CollgCr,TA,TA,Y,1938,35,35,0,4845,9690,0,0.093569,122000
152,8,1710,3,1710,2,2007,2008,1,13891,NridgHt,Gd,Gd,Y,3420,3,2,1,13680,27360,1,0.123101,372402
153,6,1993,2,825,2,1971,1971,1,14803,NWAmes,TA,TA,Y,2818,39,39,0,11958,16908,1,0.134635,190000
154,6,1252,2,1602,1,1960,1975,1,13500,ClearCr,TA,TA,Y,2854,50,35,1,7512,17124,1,0.092741,235000
155,6,1200,1,1200,1,1923,1950,0,11340,OldTown,TA,TA,Y,2400,87,60,1,7200,14400,0,0.10582,125000
156,6,1096,0,572,1,1924,1950,0,9600,Edwards,TA,TA,N,1668,86,60,1,6576,10008,0,0.114167,79000
157,5,1040,2,0,1,1950,1950,0,7200,NAmes,TA,TA,Y,1040,60,60,0,5200,5200,0,0.144444,109500
158,8,1968,3,774,2,2009,2010,1,12003,Timber,Gd,Ex,Y,2742,1,0,1,15744,21936,1,0.163959,269500
159,7,1947,2,991,2,2004,2005,1,12552,Somerst,Gd,Gd,Y,2938,6,5,1,13629,20566,1,0.155115,254900
160,7,2462,2,1392,2,2005,2006,1,19378,Gilbert,Gd,Gd,Y,3854,5,4,1,17234,26978,1,0.127051,320000
161,6,1232,2,1232,2,1984,1984,0,11120,Veenker,TA,TA,Y,2464,26,26,0,7392,14784,0,0.110791,162500
162,9,2668,3,1572,2,2003,2004,2,13688,NridgHt,Gd,Ex,Y,4240,7,6,1,24012,38160,1,0.194915,412500
163,7,1541,2,1541,2,2005,2005,1,12182,NridgHt,Gd,Gd,Y,3082,5,5,0,10787,21574,1,0.126498,220000
164,4,882,0,882,1,1956,1956,0,5500,OldTown,TA,TA,Y,1764,54,54,0,3528,7056,0,0.160364,103200
165,6,1616,1,1149,2,1926,2004,0,5400,OldTown,TA,Gd,Y,2765,84,6,1,9696,16590,0,0.299259,152000
166,5,1355,0,644,2,1940,1999,0,10106,Edwards,TA,TA,Y,1999,70,11,1,6775,9995,0,0.134079,127500
167,5,1867,1,1617,1,1955,1993,3,10708,ClearCr,Gd,TA,Y,3484,55,17,1,9335,17420,1,0.174356,190000
168,8,2161,3,1582,1,2007,2007,1,10562,NridgHt,Gd,Ex,Y,3743,3,3,0,17288,29944,1,0.204601,325624
169,7,1720,2,840,2,2004,2004,1,8244,Gilbert,Gd,Gd,Y,2560,6,6,0,12040,17920,1,0.208637,183500
170,8,1707,2,1686,2,1981,1981,1,16669,Timber,Gd,TA,Y,3393,29,29,0,13656,27144,1,0.102406,228000
171,5,1382,2,720,1,1941,1950,0,12358,OldTown,TA,TA,Y,2102,69,60,1,6910,10510,0,0.11183,128500
172,6,1656,2,1080,1,1960,1960,2,31770,NAmes,TA,TA,Y,2736,50,50,0,9936,16416,1,0.052125,215000
173,7,1767,2,1064,2,1987,1987,1,5306,StoneBr,Gd,Gd,Y,2831,23,23,0,12369,19817,1,0.333019,239000
174,6,1362,2,1362,1,1961,1961,1,10197,NAmes,TA,TA,Y,2724,49,49,0,8172,16344,1,0.133569,163000
175,6,1651,2,1606,2,1986,1986,1,12416,Timber,TA,TA,Y,3257,24,24,0,9906,19542,1,0.132974,184000
176,6,2158,2,1202,2,1950,2001,1,12615,Edwards,TA,Gd,Y,3360,60,9,1,12948,20160,1,0.171066,243000
177,6,2060,2,1151,2,1988,1989,1,10029,ClearCr,Gd,TA,Y,3211,22,21,1,12360,19266,1,0.205404,211000
178,5,1920,2,1052,2,1958,1958,1,13650,Sawyer,Gd,Gd,Y,2972,52,52,0,9600,14860,1,0.140659,172500
179,9,2234,3,2216,2,2008,2009,1,17423,StoneBr,Ex,Ex,Y,4450,2,1,1,20106,40050,1,0.128221,501837
180,5,968,2,968,1,1923,2006,0,8520,OldTown,Gd,TA,Y,1936,87,4,1,4840,9680,0,0.113615,100000
181,6,1525,2,756,2,2000,2000,1,2117,Somerst,Gd,Gd,Y,2281,10,10,0,9150,13686,1,0.720359,177000
182,7,1802,1,793,1,1920,1950,1,7588,Crawfor,TA,TA,Y,2595,90,60,1,12614,18165,1,0.23748,200100
183,5,1340,1,0,1,1957,2006,1,9060,Edwards,TA,TA,Y,1340,53,4,1,6700,6700,1,0.147903,120000
184,7,2082,2,1362,2,2003,2003,0,11426,OldTown,TA,Gd,Y,3444,7,7,0,14574,24108,0,0.182216,200000
185,5,1252,2,504,1,1908,1991,0,7438,BrkSide,TA,TA,Y,1756,102,19,1,6260,8780,0,0.168325,127000
186,10,3608,3,1107,2,1892,1993,2,22950,OldTown,Gd,Ex,Y,4715,118,17,1,36080,47150,1,0.157211,475000
187,7,1217,2,1188,2,1990,1991,0,9947,Mitchel,TA,Gd,Y,2405,20,19,1,8519,16835,0,0.122348,173000
188,5,1656,1,660,2,1916,1987,0,10410,OldTown,TA,TA,Y,2316,94,23,1,8280,11580,0,0.159078,135000
189,5,1224,2,1086,0,1979,1979,2,7018,SawyerW,TA,TA,Y,2310,31,31,0,6120,11550,1,0.174409,153337
190,8,1593,2,1593,1,2001,2002,1,4923,StoneBr,Gd,Ex,Y,3186,9,8,1,12744,25488,1,0.323583,286000
191,8,2727,2,853,2,1932,1994,2,10570,Crawfor,Gd,Gd,Y,3580,78,16,1,21816,28640,1,0.257994,315000
192,7,1479,2,725,1,1972,2004,0,7472,NAmes,TA,Gd,Y,2204,38,6,1,10353,15428,0,0.197939,184000
193,7,1431,2,1431,2,1999,1999,0,9017,CollgCr,Gd,Gd,Y,2862,11,11,0,10017,20034,0,0.1587,192000
194,7,1709,2,970,2,2004,2004,0,2522,Edwards,Gd,Gd,Y,2679,6,6,0,11963,18753,0,0.677637,130000
195,5,864,1,864,1,1972,1972,0,7180,CollgCr,TA,TA,Y,1728,38,38,0,4320,8640,0,0.120334,127000
196,6,1456,2,855,2,1976,1976,1,2280,NPkVill,TA,TA,Y,2311,34,34,0,8736,13866,1,0.638596,148500
197,7,1726,3,1726,2,2007,2007,1,9416,Somerst,Ex,Ex,Y,3452,3,3,0,12082,24164,1,0.183305,311872
198,8,3112,2,1360,2,1918,1990,1,25419,NAmes,Gd,Gd,Y,4472,92,20,1,24896,35776,1,0.122428,235000
199,6,2229,0,755,1,1912,1950,0,5520,OldTown,TA,TA,Y,2984,98,60,1,13374,17904,0,0.403804,104000
200,8,1713,3,1713,2,2004,2005,1,9591,NridgHt,Gd,Ex,Y,3426,6,5,1,13704,27408,1,0.178605,274900
201,4,1121,2,1121,2,2003,2004,0,8546,Edwards,TA,TA,Y,2242,7,6,1,4484,8968,0,0.131172,140000
202,6,1279,2,1196,2,1977,1977,2,10125,Mitchel,TA,TA,Y,2475,33,33,0,7674,14850,1,0.126321,171500
203,6,1310,1,617,2,1924,1950,0,7000,OldTown,TA,TA,Y,1927,86,60,1,7860,11562,0,0.187143,112000
204,6,848,2,848,1,2004,2004,1,4438,CollgCr,Gd,Gd,Y,1696,6,6,0,5088,10176,1,0.191077,149000
205,5,1284,1,720,1,1947,1950,0,3500,OldTown,TA,TA,Y,2004,63,60,1,6420,10020,0,0.366857,110000
206,7,1442,2,1424,2,1990,1990,0,11851,Gilbert,TA,TA,Y,2866,20,20,0,10094,20062,0,0.121677,180500
207,5,1696,1,1140,1,1962,1962,1,13673,Sawyer,TA,TA,Y,2836,48,48,0,8480,14180,1,0.12404,143900
208,4,1100,1,1100,1,1960,1960,1,12493,NAmes,TA,TA,Y,2200,50,50,0,4400,8800,1,0.088049,141000
209,7,2062,2,1157,2,1988,1989,1,14364,SawyerW,Gd,TA,Y,3219,22,21,1,14434,22533,1,0.143553,277000
210,6,1092,2,1092,1,1964,1964,0,8250,NAmes,TA,TA,Y,2184,46,46,0,6552,13104,0,0.132364,145000
211,5,864,0,864,1,1925,1950,0,5604,Edwards,TA,TA,N,1728,85,60,1,4320,8640,0,0.154176,98000
212,6,1212,2,1212,2,2009,2009,0,10420,Edwards,TA,Gd,Y,2424,1,1,0,7272,14544,0,0.116315,186000
213,7,1852,2,900,2,2009,2009,1,8640,Somerst,TA,Gd,Y,2752,1,1,0,12964,19264,1,0.214352,252678
214,5,990,2,990,1,1995,1995,0,13568,CollgCr,TA,TA,Y,1980,15,15,0,4950,9900,0,0.072966,156000
215,6,1392,1,689,1,1977,1977,0,10900,CollgCr,TA,TA,Y,2081,33,33,0,8352,12486,0,0.127706,161750
216,5,1236,1,1070,1,1957,1996,1,10011,NAmes,TA,Gd,Y,2306,53,14,1,6180,11530,1,0.123464,134450
217,7,1436,2,1436,2,2004,2004,0,8450,CollgCr,Gd,Gd,Y,2872,6,6,0,10052,20104,0,0.169941,210000
218,4,1328,1,686,1,1925,1950,0,9906,OldTown,TA,TA,N,2014,85,60,1,5312,8056,0,0.13406,107000
219,7,1954,2,798,1,1939,2006,2,15660,Crawfor,Gd,Gd,Y,2752,71,4,1,13678,19264,1,0.124777,311500
220,7,1248,2,1248,2,2005,2006,0,3010,Blmngtn,Gd,Gd,Y,2496,5,4,1,8736,17472,0,0.414618,167240
221,7,1498,2,1498,2,2006,2006,0,8990,CollgCr,Gd,Gd,Y,2996,4,4,0,10486,20972,0,0.16663,204900
222,6,2267,2,1010,2,2002,2002,1,8068,Gilbert,Gd,Gd,Y,3277,8,8,0,13602,19662,1,0.280987,200000
223,6,1552,2,713,2,1975,1975,1,11475,NWAmes,TA,TA,Y,2265,35,35,0,9312,13590,1,0.135251,179900
224,4,864,2,864,1,1971,1971,0,10500,NAmes,TA,TA,Y,1728,39,39,0,3456,6912,0,0.082286,97000
225,10,2392,3,2392,2,2003,2003,1,13472,NridgHt,Ex,Ex,Y,4784,7,7,0,23920,47840,1,0.177553,386250
226,5,1302,1,630,2,1971,1971,0,1680,BrDale,TA,TA,Y,1932,39,39,0,6510,9660,0,0.775,112000
227,7,2520,3,1203,2,1995,1995,1,9950,NoRidge,Gd,Gd,Y,3723,15,15,0,17640,26061,1,0.253266,290000
228,6,987,1,483,1,1970,1970,0,1869,BrDale,TA,TA,Y,1470,40,40,0,5922,8820,0,0.52809,106000
229,5,912,1,912,1,1967,1967,1,8521,Sawyer,TA,TA,Y,1824,43,43,0,4560,9120,1,0.10703,125000
230,7,1555,2,1373,2,2005,2006,1,3182,Blmngtn,Gd,Gd,Y,2928,5,4,1,10885,20496,1,0.488686,192500
231,6,1194,1,1194,1,1959,1959,0,8760,NAmes,TA,TA,Y,2388,51,51,0,7164,14328,0,0.136301,148000
232,8,2794,3,1462,2,1995,1996,1,15138,NoRidge,Gd,Ex,Y,4256,15,14,1,22352,34048,1,0.184569,403000
233,6,987,1,483,1,1972,1972,1,1680,BrDale,TA,TA,Y,1470,38,38,0,5922,8820,1,0.5875,94500
234,5,894,1,894,1,1976,1976,0,10650,CollgCr,TA,TA,Y,1788,34,34,0,4470,8940,0,0.083944,128200
235,6,1960,2,860,2,2002,2002,2,7851,Gilbert,Gd,Gd,Y,2820,8,8,0,11760,16920,1,0.24965,216500
236,6,987,1,483,1,1971,1971,0,1680,BrDale,TA,TA,Y,1470,39,39,0,5922,8820,0,0.5875,89500
237,7,1414,2,1414,2,2004,2004,0,8773,CollgCr,Gd,Gd,Y,2828,6,6,0,9898,19796,0,0.161176,185500
238,7,1744,2,996,2,1993,2003,0,9453,SawyerW,Gd,Gd,Y,2740,17,7,1,12208,19180,0,0.184492,194500
239,8,1694,3,1694,2,2007,2007,0,12030,NridgHt,Ex,Gd,Y,3388,3,3,0,13552,27104,0,0.140815,318000
240,6,1487,1,735,1,1945,1950,1,8741,Edwards,TA,TA,Y,2222,65,60,1,8922,13332,1,0.170118,113000
241,8,1566,2,1566,2,2008,2008,0,9000,Somerst,Gd,Gd,Y,3132,2,2,0,12528,25056,0,0.174,262500
242,5,866,0,686,1,1945,1997,0,3880,OldTown,TA,Gd,Y,1552,65,13,1,4330,7760,0,0.223196,110500
243,5,1440,1,540,1,1900,1950,0,5000,OldTown,TA,TA,N,1980,110,60,1,7200,9900,0,0.288,79000
244,6,1217,1,626,1,1980,1980,1,10762,SawyerW,TA,TA,Y,1843,30,30,0,7302,11058,1,0.113083,120000
245,7,2110,2,948,2,1994,2002,2,8880,SawyerW,Gd,Gd,Y,3058,16,8,1,14770,21406,1,0.237613,205000
246,7,1872,2,1845,2,1988,1988,1,10400,NWAmes,TA,TA,Y,3717,22,22,0,13104,26019,1,0.18,241500
247,6,1928,1,1020,2,1910,1950,0,9142,OldTown,TA,Fa,N,2948,100,60,1,11568,17688,0,0.210895,137000
248,6,1375,2,1367,1,1954,1954,1,11310,NAmes,TA,TA,Y,2742,56,56,0,8250,16452,1,0.121574,140000
249,7,1668,2,840,2,2003,2003,0,11317,CollgCr,Gd,Gd,Y,2508,7,7,0,11676,17556,0,0.147389,180000
250,6,2144,2,1444,2,1958,2006,2,159000,ClearCr,Gd,Gd,Y,3588,52,4,1,12864,21528,1,0.013484,277000
251,3,1306,0,728,1,1940,1966,0,5350,BrkSide,TA,Fa,Y,2034,70,44,1,3918,6102,0,0.244112,76500
252,8,1625,2,1573,2,2006,2007,1,4750,Crawfor,Gd,Gd,Y,3198,4,3,1,13000,25584,1,0.342105,235000
253,6,1640,2,798,2,2004,2004,0,8366,SawyerW,Gd,Gd,Y,2438,6,6,0,9840,14628,0,0.196032,173000
254,6,1302,1,1302,2,1964,1991,0,9350,NAmes,TA,Gd,Y,2604,46,19,1,7812,15624,0,0.139251,158000
255,5,1314,1,1314,1,1957,1957,0,8400,NAmes,TA,TA,Y,2628,53,53,0,6570,13140,0,0.156429,145000
256,7,2291,2,975,2,1999,1999,1,8738,Gilbert,Gd,Gd,Y,3266,11,11,0,16037,22862,1,0.262188,230000
257,6,1728,2,864,2,2003,2003,0,8791,Somerst,Gd,Gd,Y,2592,7,7,0,10368,15552,0,0.196565,207500
258,7,1604,2,1604,2,2006,2006,1,8814,CollgCr,Gd,Gd,Y,3208,4,4,0,11228,22456,1,0.181983,220000
259,7,1792,2,963,2,2001,2001,1,12435,CollgCr,Gd,Gd,Y,2755,9,9,0,12544,19285,1,0.144109,231500
260,5,882,1,0,1,1956,1956,0,12702,OldTown,TA,TA,Y,882,54,54,0,4410,4410,0,0.069438,97000
261,6,1382,2,1362,1,1962,1962,1,19296,NAmes,TA,TA,Y,2744,48,48,0,8292,16464,1,0.071621,176000
262,8,2574,3,1482,2,2007,2007,1,9588,CollgCr,Gd,Ex,Y,4056,3,3,0,20592,32448,1,0.268461,276000
263,6,1212,2,506,1,1977,1995,1,8471,Sawyer,TA,TA,Y,1718,33,15,1,7272,10308,1,0.143076,151000
264,5,1316,2,926,1,1929,2001,0,5500,OldTown,TA,TA,Y,2242,81,9,1,6580,11210,0,0.239273,130000
265,5,764,2,680,1,1925,2004,0,5232,OldTown,TA,TA,N,1444,85,6,1,3820,7220,0,0.146024,73000
266,6,1422,2,1422,2,1981,1981,1,12090,NWAmes,TA,Gd,Y,2844,29,29,0,8532,17064,1,0.117618,175500
267,6,1511,2,802,2,1997,1997,1,11207,Gilbert,TA,TA,Y,2313,13,13,0,9066,13878,1,0.134826,185000
268,5,2192,1,720,2,1939,1997,1,8400,SWISU,TA,Gd,Y,2912,71,13,1,10960,14560,1,0.260952,179500
269,5,778,1,740,1,1940,1955,1,6900,IDOTRR,TA,TA,Y,1518,70,55,1,3890,7590,1,0.112754,120500
270,6,1113,1,1143,1,1976,1976,1,7917,Edwards,TA,TA,Y,2256,34,34,0,6678,13536,1,0.140584,148000
271,8,1939,3,1095,2,2006,2006,1,10728,Somerst,Gd,Gd,Y,3034,4,4,0,15512,24272,1,0.180742,266000
272,7,1363,2,1385,1,1954,2005,2,39104,ClearCr,TA,TA,Y,2748,56,5,1,9541,19236,1,0.034856,241500
273,8,2270,3,1152,2,1999,2007,1,11764,NoRidge,Gd,Gd,Y,3422,11,3,1,18160,27376,1,0.192962,290000
274,6,1632,1,1240,2,1958,1988,1,9600,NAmes,TA,TA,Y,2872,52,22,1,9792,17232,1,0.17,139000
275,5,816,1,816,1,1982,1982,0,8314,Mitchel,TA,TA,Y,1632,28,28,0,4080,8160,0,0.098148,124500
276,7,1548,2,952,2,1925,2007,0,7264,BrkSide,Gd,Ex,N,2500,85,3,1,10836,17500,0,0.213106,205000
277,7,1560,2,1560,2,2003,2003,0,9196,Mitchel,Gd,Gd,Y,3120,7,7,0,10920,21840,0,0.169639,201000
278,4,864,2,864,1,1951,1951,0,19138,Gilbert,TA,TA,Y,1728,59,59,0,3456,6912,0,0.045146,141000
279,9,2121,3,2121,2,2006,2007,1,14450,NridgHt,Ex,Ex,Y,4242,4,3,1,19089,38178,1,0.146782,415298
280,7,2022,2,1160,2,1977,1977,1,10005,ClearCr,TA,TA,Y,3182,33,33,0,14154,22274,1,0.202099,192000
281,7,1982,2,807,2,1989,1989,1,11287,SawyerW,Gd,Gd,Y,2789,21,21,0,13874,19523,1,0.1756,228500
282,6,1262,2,1262,2,2006,2006,0,7200,Somerst,Gd,Gd,Y,2524,4,4,0,7572,15144,0,0.175278,185000
283,7,1314,2,1314,2,2007,2008,1,5063,NridgHt,Gd,Gd,Y,2628,3,2,1,9198,18396,1,0.25953,207500
284,8,1468,3,1468,2,2008,2009,1,9612,Somerst,Gd,Gd,Y,2936,2,1,1,11744,23488,1,0.152726,244600
285,6,1575,2,1575,2,1992,1992,0,8012,SawyerW,Gd,Gd,Y,3150,18,18,0,9450,18900,0,0.19658,179200
286,7,1250,2,625,2,2006,2007,0,4251,Somerst,Gd,Gd,Y,1875,4,3,1,8750,13125,0,0.294048,164700
287,6,1734,2,912,1,1962,1981,1,9786,NAmes,TA,Gd,Y,2646,48,29,1,10404,15876,1,0.177192,159000
288,4,858,0,858,1,1971,1971,0,8125,NAmes,TA,TA,Y,1716,39,39,0,3432,6864,0,0.1056,88000
289,5,900,1,882,1,1967,1967,0,9819,Sawyer,TA,TA,Y,1782,43,43,0,4500,8910,0,0.091659,122000
290,6,1396,1,698,1,1915,2003,0,8730,BrkSide,TA,TA,Y,2094,95,7,1,8376,12564,0,0.159908,153575
291,8,1919,2,1079,2,2006,2006,1,15611,CollgCr,Gd,Gd,Y,2998,4,4,0,15352,23984,1,0.122926,233230
292,5,1716,0,780,2,1912,2000,0,5687,SWISU,TA,Fa,N,2496,98,10,1,8580,12480,0,0.301741,135900
293,5,1716,1,768,1,1949,2008,1,11409,Edwards,TA,TA,Y,2484,61,2,1,8580,12420,1,0.150408,131000
294,7,2263,2,795,2,1977,1994,1,16659,NWAmes,TA,Gd,Y,3058,33,16,1,15841,21406,1,0.135842,235000
295,6,1644,2,1416,1,1953,1953,2,9600,NAmes,TA,TA,Y,3060,57,57,0,9864,18360,1,0.17125,167000
296,6,1003,2,1003,1,1984,1984,0,7937,Mitchel,TA,TA,Y,2006,26,26,0,6018,12036,0,0.12637,142500
297,5,1558,1,910,1,1950,1950,0,13710,IDOTRR,TA,TA,Y,2468,60,60,0,7790,12340,0,0.11364,152000
298,7,1950,2,975,2,1997,1998,1,7399,Somerst,Gd,Gd,Y,2925,13,12,1,13650,20475,1,0.263549,239000
299,6,1743,2,702,1,1968,1968,1,11700,NWAmes,Gd,TA,Y,2445,42,42,0,10458,14670,1,0.148974,175000
300,6,1152,1,1092,1,1950,2004,1,14000,Crawfor,TA,Gd,Y,2244,60,6,1,6912,13464,1,0.082286,158500
301,5,1336,1,1165,1,1953,1953,2,15750,Crawfor,TA,TA,Y,2501,57,57,0,6680,12505,1,0.084825,157000
302,8,2452,2,1028,2,1998,1999,1,16226,CollgCr,Gd,Gd,Y,3480,12,11,1,19616,27840,1,0.151115,267000
303,7,1541,3,1541,2,2001,2002,1,13704,CollgCr,Gd,Gd,Y,3082,9,8,1,10787,21574,1,0.112449,205000
304,5,894,2,894,1,1972,1972,0,9800,CollgCr,TA,TA,Y,1788,38,38,0,4470,8940,0,0.091224,149900
305,7,3493,3,1470,3,1880,2002,1,18386,OldTown,TA,Gd,Y,4963,130,8,1,24451,34741,1,0.189982,295000
306,8,2000,3,2000,2,2004,2005,0,10386,CollgCr,Gd,Gd,Y,4000,6,5,1,16000,32000,0,0.192567,305900
307,7,2243,3,700,2,1990,1991,1,13474,SawyerW,Gd,Gd,Y,2943,20,19,1,15701,20601,1,0.166469,225000
308,6,1406,0,319,1,1920,1950,0,7920,IDOTRR,TA,Fa,Y,1725,90,60,1,8436,10350,0,0.177525,89500
309,4,861,2,861,1,1940,1950,0,12342,Edwards,TA,TA,Y,1722,70,60,1,3444,6888,0,0.069762,82500
310,9,1944,3,1896,2,2003,2004,3,12378,NridgHt,Gd,Ex,Y,3840,7,6,1,17496,34560,1,0.157053,360000
311,6,1501,2,697,2,1993,1994,1,7685,Gilbert,TA,Gd,Y,2198,17,16,1,9006,13188,1,0.195316,165600
312,6,972,1,972,1,1948,2002,1,8000,NAmes,TA,TA,Y,1944,62,8,1,5832,11664,1,0.1215,132000
313,5,1118,2,793,1,1939,1950,1,7800,OldTown,TA,TA,Y,1911,71,60,1,5590,9555,1,0.143333,119900
314,7,2036,2,2136,2,1965,1965,2,215245,Timber,TA,TA,Y,4172,45,45,0,14252,29204,1,0.009459,375000
315,7,1641,2,728,1,1925,1990,1,9600,OldTown,TA,Ex,Y,2369,85,20,1,11487,16583,1,0.170938,178000
316,7,1432,2,716,2,2004,2005,1,7795,Gilbert,Gd,Gd,Y,2148,6,5,1,10024,15036,1,0.183708,188500
317,7,2353,2,845,2,1980,1980,1,13005,NWAmes,Gd,Ex,Y,3198,30,30,0,16471,22386,1,0.18093,260000
318,8,1959,3,1088,2,2006,2006,1,9000,Somerst,Gd,Gd,Y,3047,4,4,0,15672,24376,1,0.217667,270000
319,7,2646,3,1347,2,1993,1993,1,9900,NoRidge,Gd,Gd,Y,3993,17,17,0,18522,27951,1,0.267273,260000
320,7,1472,2,1372,2,1980,1980,2,14115,NWAmes,TA,TA,Y,2844,30,30,0,10304,19908,1,0.104286,187500
321,9,2596,3,1249,3,2006,2006,0,16259,NridgHt,TA,Gd,Y,3845,4,4,0,23364,34605,0,0.159665,342643
322,8,2468,3,1136,2,2004,2004,1,12099,NridgHt,Gd,Gd,Y,3604,6,6,0,19744,28832,1,0.203984,354000
323,7,2730,2,1502,2,1986,1987,1,10380,SawyerW,Gd,Gd,Y,4232,24,23,1,19110,29624,1,0.263006,301000
324,3,1163,1,1162,1,1955,2005,0,5820,OldTown,TA,TA,Y,2325,55,5,1,3489,6975,0,0.199828,126175
325,7,2978,2,710,2,1967,2007,1,11275,NAmes,Gd,Gd,Y,3688,43,3,1,20846,25816,1,0.264124,242000
326,5,803,2,720,1,1941,1950,0,5000,IDOTRR,TA,TA,N,1523,69,60,1,4015,7615,0,0.1606,87000
327,8,1719,2,1719,1,1993,1993,2,10846,Veenker,Gd,Gd,Y,3438,17,17,0,13752,27504,1,0.158492,324000
328,6,1383,1,1383,1,1960,1960,0,11600,NAmes,TA,TA,Y,2766,50,50,0,8298,16596,0,0.119224,145250
329,6,2134,2,844,2,1916,1994,0,11888,BrkSide,TA,Gd,N,2978,94,16,1,12804,17868,0,0.179509,214500
330,5,1192,1,596,1,1920,1950,0,6402,IDOTRR,TA,TA,N,1788,90,60,1,5960,8940,0,0.186192,78000
331,5,1728,1,1728,2,1964,1964,0,10624,NAmes,TA,TA,Y,3456,46,46,0,8640,17280,0,0.162651,119000
332,5,1056,1,1056,1,1958,1992,0,8176,NAmes,TA,TA,Y,2112,52,18,1,5280,10560,0,0.129159,139000
333,8,1629,3,3206,2,2003,2004,1,10655,NridgHt,Gd,Gd,Y,4835,7,6,1,13032,38680,1,0.152886,284000
334,7,1358,2,1358,2,2004,2004,1,8198,NridgHt,Gd,Gd,Y,2716,6,6,0,9506,19012,1,0.16565,207000
335,6,1638,2,943,2,1998,1998,2,9042,Gilbert,TA,TA,Y,2581,12,12,0,9828,15486,1,0.181155,192000
336,5,1786,2,1499,2,1965,1965,2,164660,Timber,TA,TA,Y,3285,45,45,0,8930,16425,1,0.010847,228950
337,9,1922,3,1922,2,2005,2006,1,14157,StoneBr,Gd,Gd,Y,3844,5,4,1,17298,34596,1,0.135763,377426
338,7,1536,2,1536,2,2002,2003,0,9135,CollgCr,Gd,Gd,Y,3072,8,7,1,10752,21504,0,0.168144,214000
339,7,1621,2,1208,2,1984,1998,0,14145,NWAmes,Gd,Gd,Y,2829,26,12,1,11347,19803,0,0.114599,202500
340,6,1215,1,1215,1,1958,1998,0,12400,NAmes,TA,TA,Y,2430,52,12,1,7290,14580,0,0.097984,155000
341,8,1908,2,967,2,2002,2002,0,14191,Timber,Gd,Gd,Y,2875,8,8,0,15264,23000,0,0.134451,202900
342,4,841,1,721,1,1950,1950,0,8400,SawyerW,Fa,TA,Y,1562,60,60,0,3364,6248,0,0.100119,82000
343,3,1040,2,0,2,1949,1950,0,8544,NAmes,TA,TA,N,1040,61,60,1,3120,3120,0,0.121723,87500
344,9,1684,2,1684,2,2005,2005,1,8849,NridgHt,Ex,Ex,Y,3368,5,5,0,15156,30312,1,0.190304,266000
345,5,1112,1,536,1,1976,1976,0,2592,MeadowV,TA,TA,Y,1648,34,34,0,5560,8240,0,0.429012,85000
346,6,1577,1,972,1,1939,1950,1,6435,BrkSide,TA,Fa,Y,2549,71,60,1,9462,15294,1,0.245066,140200
347,6,958,1,958,1,1960,1998,0,12772,NAmes,TA,TA,Y,1916,50,12,1,5748,11496,0,0.075008,151500
348,6,1478,2,1478,2,1960,1960,2,17600,NAmes,TA,TA,Y,2956,50,50,0,8868,17736,1,0.083977,157500
349,7,1626,2,764,2,2003,2004,0,2448,NridgHt,Gd,Gd,Y,2390,7,6,1,11382,16730,0,0.664216,154000
350,9,2728,3,1848,2,2005,2006,2,20431,NridgHt,Ex,Ex,Y,4576,5,4,1,24552,41184,1,0.133523,437154
351,9,1869,2,1869,2,2007,2007,1,7820,NridgHt,Ex,Ex,Y,3738,3,3,0,16821,33642,1,0.239003,318061
352,7,1453,2,1453,1,1986,1986,1,5271,ClearCr,TA,Gd,Y,2906,24,24,0,10171,20342,1,0.275659,190000
353,5,1111,1,616,1,1941,1950,0,9084,Edwards,TA,TA,N,1727,69,60,1,5555,8635,0,0.122303,95000
354,6,720,2,624,1,1928,2003,0,8520,OldTown,TA,TA,Y,1344,82,7,1,4320,8064,0,0.084507,105900
355,6,1595,1,940,1,1940,2000,2,8400,SWISU,TA,TA,Y,2535,70,10,1,9570,15210,1,0.189881,140000
356,6,1200,2,1200,2,1995,1995,0,11249,CollgCr,Gd,Gd,Y,2400,15,15,0,7200,14400,0,0.106676,177500
357,6,1167,2,1158,2,1992,1992,0,9248,Gilbert,TA,Gd,Y,2325,18,18,0,7002,13950,0,0.126189,173000
358,5,1142,2,1142,1,1976,1976,1,4224,MeadowV,TA,TA,Y,2284,34,34,0,5710,11420,1,0.27036,134000
359,5,1352,1,1062,1,1958,1958,0,6930,ClearCr,TA,Gd,Y,2414,52,52,0,6760,12070,0,0.195094,130000
360,8,1924,2,1086,2,1998,1998,1,12011,NoRidge,Gd,Gd,Y,3010,12,12,0,15392,24080,1,0.160186,280000
361,6,912,2,888,1,1978,1978,1,7540,Mitchel,TA,TA,Y,1800,32,32,0,5472,10800,1,0.120955,156000
362,5,1505,1,883,1,1940,1982,0,9144,BrkSide,TA,TA,Y,2388,70,28,1,7525,11940,0,0.164589,145000
363,7,1922,2,0,3,2003,2003,1,7301,Edwards,Gd,Gd,Y,1922,7,7,0,13454,13454,1,0.263252,198500
364,6,987,1,483,1,1972,2007,0,1680,BrDale,TA,Gd,Y,1470,38,3,1,5922,8820,0,0.5875,118000
365,6,1574,2,796,2,1976,1976,1,18800,NWAmes,TA,TA,Y,2370,34,34,0,9444,14220,1,0.083723,190000
366,5,1344,1,672,1,1920,1997,0,10690,IDOTRR,TA,TA,Y,2016,90,13,1,6720,10080,0,0.125725,147000
367,6,1394,2,1394,1,1963,1963,2,9500,NAmes,TA,TA,Y,2788,47,47,0,8364,16728,1,0.146737,159000
368,6,1431,1,1099,1,1962,1962,1,9150,NAmes,TA,TA,Y,2530,48,48,0,8586,15180,1,0.156393,165000
369,5,1268,1,1268,1,1954,1954,1,7800,NAmes,TA,TA,Y,2536,56,56,0,6340,12680,1,0.162564,132000
370,5,1287,2,1063,1,1959,2006,1,9830,NAmes,TA,Gd,Y,2350,51,4,1,6435,11750,1,0.130926,162000
371,6,1664,2,953,2,2000,2000,1,8121,Gilbert,TA,TA,Y,2617,10,10,0,9984,15702,1,0.204901,172400
372,4,1588,2,0,2,1959,1959,1,17120,ClearCr,TA,TA,Y,1588,51,51,0,6352,6352,1,0.092757,134432
373,6,752,1,744,1,1984,1984,0,7175,SawyerW,TA,TA,Y,1496,26,26,0,4512,8976,0,0.104808,125000
374,5,1319,1,608,1,1953,1953,0,10634,NAmes,TA,TA,Y,1927,57,57,0,6595,9635,0,0.124036,123000
375,7,1928,2,847,2,2003,2004,1,8200,CollgCr,Gd,Gd,Y,2775,7,6,1,13496,19425,1,0.235122,219500
376,1,904,0,683,0,1922,1950,0,10020,Edwards,Fa,Fa,N,1587,88,60,1,904,1587,0,0.09022,61000
377,5,914,2,870,1,1996,1996,0,8846,CollgCr,Gd,TA,Y,1784,14,14,0,4570,8920,0,0.103324,148000
378,8,2466,2,1580,3,2004,2005,1,11143,Somerst,Gd,Gd,Y,4046,6,5,1,19728,32368,1,0.221305,340000
379,9,1856,3,1856,1,2010,2010,1,11394,StoneBr,Gd,Ex,Y,3712,0,0,0,16704,33408,1,0.162893,394432
380,6,1800,2,982,2,2000,2000,1,8123,Gilbert,TA,TA,Y,2782,10,10,0,10800,16692,1,0.221593,179000
381,5,1691,1,1026,2,1924,1950,1,5000,SWISU,TA,Gd,Y,2717,86,60,1,8455,13585,1,0.3382,127000
382,7,1301,2,1293,2,2006,2006,1,7200,Somerst,Gd,Gd,Y,2594,4,4,0,9107,18158,1,0.180694,187750
383,7,1797,2,939,2,2006,2006,0,9245,CollgCr,Gd,Gd,Y,2736,4,4,0,12579,19152,0,0.194375,213500
384,6,784,2,784,1,1928,1950,0,9000,SawyerW,TA,TA,N,1568,82,60,1,4704,9408,0,0.087111,76000
385,6,1953,2,1580,2,1992,1992,2,53107,ClearCr,Gd,Gd,Y,3533,18,18,0,11718,21198,1,0.036775,240000
386,8,1269,2,1256,2,2004,2005,1,3182,Blmngtn,Gd,Gd,Y,2525,6,5,1,10152,20200,1,0.398806,192000
387,5,1184,0,658,1,1910,1996,0,8410,Edwards,TA,TA,Y,1842,100,14,1,5920,9210,0,0.140785,81000
388,6,1125,1,1041,1,1976,1976,1,7200,Edwards,TA,TA,Y,2166,34,34,0,6750,12996,1,0.15625,125000
389,7,1479,2,1468,2,1999,2000,0,9382,CollgCr,Gd,Gd,Y,2947,11,10,1,10353,20629,0,0.157642,191000
390,10,2332,3,1682,2,2007,2008,1,12474,NridgHt,Ex,Ex,Y,4014,3,2,1,23320,40140,1,0.186949,426000
391,5,1367,1,861,1,1900,1950,0,8405,Edwards,TA,TA,Y,2228,110,60,1,6835,11140,0,0.162641,119000
392,6,1961,2,804,2,2001,2002,1,12209,Mitchel,TA,Gd,Y,2765,9,8,1,11766,16590,1,0.160619,215000
393,5,882,1,0,1,1959,1959,0,8339,NAmes,TA,TA,Y,882,51,51,0,4410,4410,0,0.105768,106500
394,4,788,0,788,1,1941,1950,2,7446,BrkSide,TA,TA,Y,1576,69,60,1,3152,6304,1,0.105829,100000
395,5,1034,1,735,1,1940,1950,0,10134,OldTown,TA,TA,Y,1769,70,60,1,5170,8845,0,0.102033,109000
396,5,1144,1,1144,1,1956,1956,0,9571,Edwards,TA,TA,Y,2288,54,54,0,5720,11440,0,0.119528,129000
397,5,894,2,894,1,1972,1972,0,7200,CollgCr,TA,TA,Y,1788,38,38,0,4470,8940,0,0.124167,123000
398,5,1812,1,864,2,1962,1962,1,7590,NAmes,TA,TA,Y,2676,48,48,0,9060,13380,1,0.238735,169500
399,5,1077,1,961,1,1920,1950,0,8967,IDOTRR,TA,TA,Y,2038,90,60,1,5385,10190,0,0.120107,67000
400,7,1550,2,1092,2,2006,2007,0,8125,Somerst,Gd,Gd,Y,2642,4,3,1,10850,18494,0,0.190769,241000
401,8,1288,2,1260,1,1996,1996,2,14963,Veenker,Gd,Ex,Y,2548,14,14,0,10304,20384,1,0.086079,245500
402,7,1310,2,1310,2,2005,2005,1,8767,CollgCr,Gd,Gd,Y,2620,5,5,0,9170,18340,1,0.149424,164990
403,5,672,1,672,1,1940,1997,0,10200,Sawyer,TA,TA,Y,1344,70,13,1,3360,6720,0,0.065882,108000
404,8,2263,2,1141,2,1998,1998,1,12090,NoRidge,Gd,Gd,Y,3404,12,12,0,18104,27232,1,0.187179,258000
405,6,1572,2,806,2,1995,1996,1,10364,Gilbert,TA,TA,Y,2378,15,14,1,9432,14268,1,0.151679,168000
406,4,1620,2,1281,2,1976,1993,1,9991,Sawyer,TA,TA,Y,2901,34,17,1,6480,11604,1,0.162146,150000
407,6,1639,1,1064,1,1936,1950,0,10480,SWISU,TA,TA,Y,2703,74,60,1,9834,16218,0,0.156393,115000
408,6,1680,1,840,2,1915,1976,0,15576,Crawfor,TA,TA,Y,2520,95,34,1,10080,15120,0,0.107858,177000
409,7,2172,3,1063,2,2006,2006,1,14154,NridgHt,Gd,Gd,Y,3235,4,4,0,15204,22645,1,0.153455,280000
410,8,2078,3,1034,2,2007,2008,1,10800,Somerst,Gd,Ex,Y,3112,3,2,1,16624,24896,1,0.192407,339750
411,5,1276,1,1276,1,1958,1958,0,9571,Edwards,TA,TA,Y,2552,52,52,0,6380,12760,0,0.133319,60000
412,5,1056,2,1056,1,1955,1955,0,34650,Gilbert,TA,TA,N,2112,55,55,0,5280,10560,0,0.030476,145000
413,7,1478,2,1470,2,2009,2009,1,4403,Somerst,Ex,Gd,Y,2948,1,1,0,10346,20636,1,0.33568,222000
414,5,1028,2,1008,1,1927,1950,1,8960,OldTown,TA,TA,Y,2036,83,60,1,5140,10180,1,0.114732,115000
415,7,2097,3,1080,2,1993,1993,1,11228,SawyerW,Gd,Gd,Y,3177,17,17,0,14679,22239,1,0.186765,228000
416,7,1340,2,1340,2,2007,2007,0,8899,Gilbert,Gd,Gd,Y,2680,3,3,0,9380,18760,0,0.150579,181134
417,6,1400,2,672,1,1978,1978,1,7844,Sawyer,TA,TA,Y,2072,32,32,0,8400,12432,1,0.17848,149500
418,6,2624,3,1370,2,1918,1950,1,22420,Crawfor,TA,TA,N,3994,92,60,1,15744,23964,1,0.117038,239000
419,5,1134,1,756,1,1940,1950,0,8160,Edwards,TA,TA,N,1890,70,60,1,5670,9450,0,0.138971,126000
420,5,1056,1,1056,1,1968,1968,1,8450,NAmes,TA,TA,Y,2112,42,42,0,5280,10560,1,0.12497,142000
421,7,1344,4,1344,2,1997,1998,0,7060,Mitchel,TA,TA,Y,2688,13,12,1,9408,18816,0,0.190368,206300
422,6,1602,2,1602,2,1977,2000,1,16635,NWAmes,Gd,Gd,Y,3204,33,10,1,9612,19224,1,0.096303,215000
423,5,988,2,988,1,1954,1954,0,21750,Mitchel,TA,TA,Y,1976,56,56,0,4940,9880,0,0.045425,113000
424,8,2630,3,1470,2,1998,1998,1,9200,NoRidge,Gd,Gd,Y,4100,12,12,0,21040,32800,1,0.28587,315000
425,6,1196,1,1196,1,1956,1956,1,9000,NAmes,TA,TA,Y,2392,54,54,0,7176,14352,1,0.132889,139000
426,7,1389,1,651,1,1946,1992,2,3378,OldTown,TA,TA,Y,2040,64,18,1,9723,14280,1,0.41119,135000
427,7,1644,2,1518,2,1989,1989,1,12800,SawyerW,Gd,Gd,Y,3162,21,21,0,11508,22134,1,0.128438,275000
428,4,907,1,907,1,1957,1957,0,8593,NAmes,TA,TA,Y,1814,53,53,0,3628,7256,0,0.105551,109008
429,7,1208,2,1208,2,2007,2007,0,6762,CollgCr,Gd,Gd,Y,2416,3,3,0,8456,16912,0,0.178645,195400
430,6,1412,2,1392,2,1988,1988,1,11457,Timber,TA,Gd,Y,2804,22,22,0,8472,16824,1,0.123243,175000
431,6,987,1,483,1,1971,1971,0,1680,BrDale,TA,TA,Y,1470,39,39,0,5922,8820,0,0.5875,85400
432,6,1198,0,901,1,1920,1998,0,5586,OldTown,TA,TA,Y,2099,90,12,1,7188,12594,0,0.214465,79900
433,5,1365,2,765,1,1971,1971,0,1920,BrDale,TA,TA,Y,2130,39,39,0,6825,10650,0,0.710938,122500
434,6,1604,2,926,2,1997,1998,1,10839,Gilbert,TA,TA,Y,2530,13,12,1,9624,15180,1,0.147984,181000
435,4,630,0,630,1,1972,1972,0,1890,MeadowV,TA,TA,Y,1260,38,38,0,2520,5040,0,0.333333,81000
436,7,1661,2,799,2,1996,1996,1,10667,CollgCr,Gd,Gd,Y,2460,14,14,0,11627,17220,1,0.155714,212000
437,6,1118,2,648,1,1920,1950,0,4400,OldTown,TA,TA,Y,1766,90,60,1,6708,10596,0,0.254091,116000
438,6,904,1,884,1,1926,2004,0,6000,BrkSide,Gd,TA,Y,1788,84,6,1,5424,10728,0,0.150667,119000
439,5,694,1,440,1,1913,2002,1,4280,Crawfor,TA,Gd,N,1134,97,8,1,3470,5670,1,0.16215,90350
440,6,1196,2,684,1,1920,2000,0,12354,Edwards,TA,Gd,Y,1880,90,10,1,7176,11280,0,0.096811,110000
441,10,2402,3,3094,2,2008,2008,2,15431,NridgHt,Ex,Ex,Y,5496,2,2,0,24020,54960,1,0.155661,555000
442,4,1440,0,1440,2,1955,1955,0,12108,Edwards,TA,Fa,N,2880,55,55,0,5760,11520,0,0.11893,118000
443,5,1573,2,1078,2,1930,1992,1,6240,BrkSide,TA,TA,Y,2651,80,18,1,7865,13255,1,0.252083,162900
444,7,1258,3,1258,2,2006,2007,1,3922,Blmngtn,Gd,Gd,Y,2516,4,3,1,8806,17612,1,0.320755,172500
445,7,1908,2,915,2,1994,1995,1,8750,CollgCr,Gd,Gd,Y,2823,16,15,1,13356,19761,1,0.218057,210000
446,6,1689,2,1436,1,1956,1956,1,9855,Edwards,TA,TA,Y,3125,54,54,0,10134,18750,1,0.171385,127500
447,6,1888,2,1517,2,1966,2002,1,16492,NAmes,Gd,Gd,Y,3405,44,8,1,11328,20430,1,0.11448,190000
448,7,1886,2,930,2,1998,1999,1,11214,Gilbert,Gd,Gd,Y,2816,12,11,1,13202,19712,1,0.168183,199900
449,6,1376,1,780,2,1937,1950,1,8600,IDOTRR,TA,TA,Y,2156,73,60,1,8256,12936,1,0.16,119500
450,3,1183,1,649,1,1948,2002,0,6000,OldTown,TA,TA,Y,1832,62,8,1,3549,5496,0,0.197167,120000
451,6,813,1,813,1,1930,2005,0,5684,OldTown,TA,Gd,Y,1626,80,5,1,4878,9756,0,0.143033,110000
452,7,1533,2,1533,2,1975,1975,2,70761,ClearCr,TA,Gd,Y,3066,35,35,0,10731,21462,1,0.021664,280000
453,6,1756,2,872,2,1996,1997,0,9303,Timber,Gd,TA,Y,2628,14,13,1,10536,15768,0,0.188756,204000
454,8,1590,2,768,2,2008,2008,0,9000,Somerst,Gd,Gd,Y,2358,2,2,0,12720,18864,0,0.176667,210000
455,5,1728,2,1728,2,1976,1976,0,9297,Mitchel,TA,TA,Y,3456,34,34,0,8640,17280,0,0.185866,188000
456,7,1242,2,1242,1,1973,1973,1,9600,NWAmes,TA,TA,Y,2484,37,37,0,8694,17388,1,0.129375,175500
457,5,1344,3,624,1,1916,1950,0,4571,OldTown,TA,TA,N,1968,94,60,1,6720,9840,0,0.294028,98000
458,4,1663,2,1364,1,1954,1994,2,53227,ClearCr,TA,Gd,Y,3027,56,16,1,6652,12108,1,0.031244,256000
459,8,1666,1,588,1,1925,1996,1,5100,OldTown,TA,Gd,Y,2254,85,14,1,13328,18032,1,0.326667,161000
460,5,1203,1,709,1,1950,1950,1,7015,BrkSide,TA,Gd,Y,1912,60,60,0,6015,9560,1,0.17149,110000
461,8,1935,2,832,2,2009,2009,0,8004,Somerst,Gd,TA,Y,2767,1,1,0,15480,22136,0,0.241754,263435
462,7,1135,2,560,1,1936,2007,0,7200,SWISU,Gd,Gd,Y,1695,74,3,1,7945,11865,0,0.157639,155000
463,5,864,1,864,1,1965,1965,1,8281,Sawyer,TA,TA,Y,1728,45,45,0,4320,8640,1,0.104335,62383
464,6,1660,1,715,1,1934,1995,1,11988,Crawfor,TA,TA,Y,2375,76,15,1,9960,14250,1,0.138472,188700
465,5,1040,0,1040,2,1978,1978,0,8430,CollgCr,TA,TA,Y,2080,32,32,0,5200,10400,0,0.123369,124000
466,7,1414,2,1375,2,2004,2004,1,3072,Blmngtn,Gd,Gd,Y,2789,6,6,0,9898,19523,1,0.460286,178740
467,7,1277,2,1277,1,1970,1970,1,10628,NAmes,TA,TA,Y,2554,40,40,0,8939,17878,1,0.120154,167000
468,5,1644,1,728,1,1942,1995,2,9480,NAmes,TA,Gd,Y,2372,68,15,1,8220,11860,1,0.173418,146500
469,8,1634,3,1626,2,2006,2006,1,11428,NridgHt,Gd,Gd,Y,3260,4,4,0,13072,26080,1,0.142982,250000
470,6,1710,2,832,2,1993,1993,0,9291,SawyerW,Gd,Gd,Y,2542,17,17,0,10260,15252,0,0.184049,187000
471,8,1502,2,1488,1,1985,1985,0,6820,StoneBr,Gd,Gd,Y,2990,25,25,0,12016,23920,0,0.220235,212000
472,7,1969,2,808,2,1977,1977,1,11952,NWAmes,TA,TA,Y,2777,33,33,0,13783,19439,1,0.164742,190000
473,6,1072,2,547,1,2005,2005,0,3675,Edwards,TA,TA,Y,1619,5,5,0,6432,9714,0,0.291701,148000
474,8,1976,3,1976,2,2006,2007,1,14977,NridgHt,Gd,Gd,Y,3952,4,3,1,15808,31616,1,0.131936,440000
475,8,1652,2,1494,2,2000,2000,0,5330,StoneBr,Gd,Ex,Y,3146,10,10,0,13216,25168,0,0.309944,251000
476,5,970,2,970,1,1963,1963,0,8480,Sawyer,TA,TA,Y,1940,47,47,0,4850,9700,0,0.114387,132500
477,6,1493,2,1478,2,1997,1998,1,13125,CollgCr,TA,Gd,Y,2971,13,12,1,8958,17826,1,0.113752,208900
478,9,2643,3,2153,2,2006,2006,1,13693,NridgHt,Ex,Ex,Y,4796,4,4,0,23787,43164,1,0.193018,380000
479,8,1718,3,1705,2,2007,2008,1,10637,CollgCr,Gd,Gd,Y,3423,3,2,1,13744,27384,1,0.161512,297000
480,4,1131,2,907,1,1937,2000,0,5925,OldTown,TA,TA,Y,2038,73,10,1,4524,8152,0,0.190886,89471
481,9,1850,3,1833,2,2004,2005,1,16033,NridgHt,Gd,Gd,Y,3683,6,5,1,16650,33147,1,0.115387,326000
482,9,1792,3,1792,2,2003,2004,1,11846,NridgHt,Gd,Ex,Y,3584,7,6,1,16128,32256,1,0.151275,374000
483,7,1826,1,910,1,1915,2005,1,2500,OldTown,Gd,Ex,Y,2736,95,5,1,12782,19152,1,0.7304,155000
484,6,1216,2,1216,2,1998,1998,0,4500,Mitchel,TA,TA,Y,2432,12,12,0,7296,14592,0,0.270222,164000
485,5,999,1,999,1,1962,2001,0,7758,Sawyer,TA,Gd,Y,1998,48,9,1,4995,9990,0,0.12877,132500
486,5,1113,1,1113,1,1950,2007,1,9600,NAmes,Gd,Gd,Y,2226,60,3,1,5565,11130,1,0.115938,147000
487,5,1073,2,1073,1,1965,1965,0,10289,NAmes,TA,TA,Y,2146,45,45,0,5365,10730,0,0.104286,156000
488,5,1484,2,1484,2,1971,1971,1,12243,NWAmes,TA,TA,Y,2968,39,39,0,7420,14840,1,0.121212,175000
489,5,2414,2,954,2,1900,1970,1,10800,OldTown,TA,TA,N,3368,110,40,1,12070,16840,1,0.223519,160000
490,4,630,1,630,1,1970,2002,0,1526,MeadowV,TA,Gd,Y,1260,40,8,1,2520,5040,0,0.412844,86000
491,5,1304,1,264,1,1976,1976,1,2665,MeadowV,TA,TA,Y,1568,34,34,0,6520,7840,1,0.489306,115000
492,6,1578,1,806,1,1941,1950,2,9490,NAmes,TA,Fa,Y,2384,69,60,1,9468,14304,1,0.16628,133000
493,6,1456,2,728,2,2006,2006,0,15578,Gilbert,Gd,TA,Y,2184,4,4,0,8736,13104,0,0.093465,172785
494,5,1269,1,1269,1,1960,1960,1,7931,NAmes,TA,TA,Y,2538,50,50,0,6345,12690,1,0.160005,155000
495,5,886,1,190,1,1938,1996,0,5784,OldTown,TA,TA,Y,1076,72,14,1,4430,5380,0,0.153181,91300
496,4,720,0,720,1,1920,1950,0,7879,IDOTRR,TA,TA,N,1440,90,60,1,2880,5760,0,0.091382,34900
497,8,3228,2,3200,3,1992,1993,1,12692,NoRidge,Gd,Gd,Y,6428,18,17,1,25824,51424,1,0.254333,430000
498,7,1820,1,1026,2,1925,1950,0,9120,BrkSide,TA,TA,Y,2846,85,60,1,12740,19922,0,0.199561,184000
499,5,899,1,864,1,1967,2004,0,7800,Sawyer,TA,Gd,Y,1763,43,6,1,4495,8815,0,0.115256,130000
500,5,912,1,912,1,1958,1985,0,7535,NAmes,TA,TA,Y,1824,52,25,1,4560,9120,0,0.121035,120000
501,6,1218,1,672,1,1973,1973,0,1890,BrDale,TA,TA,Y,1890,37,37,0,7308,11340,0,0.644444,113000
502,7,1768,2,866,2,2005,2005,0,9803,Somerst,Gd,Gd,Y,2634,5,5,0,12376,18438,0,0.180353,226700
503,5,1214,2,1214,1,1965,1965,0,9170,Edwards,TA,TA,Y,2428,45,45,0,6070,12140,0,0.132388,140000
504,7,1801,2,1501,2,1959,1997,2,15602,Crawfor,TA,TA,Y,3302,51,13,1,12607,23114,1,0.115434,289000
505,6,1322,2,855,2,1974,1974,1,2308,NPkVill,TA,TA,Y,2177,36,36,0,7932,13062,1,0.57279,147000
506,5,1960,2,960,2,1952,1952,0,7596,OldTown,TA,TA,Y,2920,58,58,0,9800,14600,0,0.258031,124500
507,8,1911,2,777,2,1993,1994,1,9554,SawyerW,Gd,Gd,Y,2688,17,16,1,15288,21504,1,0.200021,215000
508,6,1218,2,1218,2,2009,2009,0,7862,Somerst,Gd,Gd,Y,2436,1,1,0,7308,14616,0,0.154922,208300
509,7,1378,2,689,2,1928,2005,1,9600,OldTown,TA,Gd,Y,2067,82,5,1,9646,14469,1,0.143542,161000
510,5,1041,1,1041,1,1959,1959,0,9600,NAmes,TA,TA,Y,2082,51,51,0,5205,10410,0,0.108438,124500
511,5,1363,1,1008,1,1951,2000,2,14559,NAmes,Gd,TA,Y,2371,59,10,1,6815,11855,1,0.093619,164900
512,7,1368,2,1368,2,2005,2006,1,6792,NridgHt,Gd,Gd,Y,2736,5,4,1,9576,19152,1,0.201413,202665
513,5,864,2,864,1,1958,1958,0,9100,NAmes,TA,TA,Y,1728,52,52,0,4320,8640,0,0.094945,129900
514,6,1080,2,1084,1,1983,1983,0,9187,Mitchel,TA,TA,Y,2164,27,27,0,6480,12984,0,0.117557,134000
515,5,789,1,768,1,1926,1950,0,10594,Crawfor,TA,TA,N,1557,84,60,1,3945,7785,0,0.074476,96500
516,10,2020,3,2006,2,2009,2009,1,12220,NridgHt,Ex,Ex,Y,4026,1,1,0,20200,40260,1,0.165303,402861
517,6,2119,2,689,2,1972,1972,1,10448,NWAmes,TA,TA,Y,2808,38,38,0,12714,16848,1,0.202814,158000
518,7,2344,3,1264,2,1996,1997,1,10208,NoRidge,Gd,Gd,Y,3608,14,13,1,16408,25256,1,0.229624,265000
519,6,1796,2,794,2,1998,1998,0,9531,CollgCr,TA,TA,Y,2590,12,12,0,10776,15540,0,0.188438,211000
520,7,2080,1,1276,1,1926,2004,2,10918,Crawfor,Gd,Gd,Y,3356,84,6,1,14560,23492,1,0.190511,234000
521,4,1294,0,0,2,1900,2000,0,10800,OldTown,TA,TA,N,1294,110,10,1,5176,5176,0,0.119815,106250
522,6,1244,1,1244,1,1957,1957,2,11988,NAmes,TA,TA,Y,2488,53,53,0,7464,14928,1,0.10377,150000
523,6,1664,2,1004,2,1947,1950,2,5000,BrkSide,TA,TA,Y,2668,63,60,1,9984,16008,1,0.3328,159000
525,7,2398,3,1379,2,1996,1997,1,11787,NoRidge,Gd,Gd,Y,3777,14,13,1,16786,26439,1,0.203444,315750
526,7,1266,2,1257,2,2005,2005,1,7500,Somerst,Gd,Gd,Y,2523,5,5,0,8862,17661,1,0.1688,176000
527,5,928,1,928,1,1956,2000,0,13300,NAmes,TA,TA,Y,1856,54,10,1,4640,9280,0,0.069774,132000
528,9,2713,3,1452,2,2008,2008,1,14948,NridgHt,Ex,Ex,Y,4165,2,2,0,24417,37485,1,0.181496,446261
529,4,605,0,528,1,1920,2002,0,9098,Edwards,TA,TA,Y,1133,90,8,1,2420,4532,0,0.066498,86000
530,6,2515,2,2035,3,1957,1975,2,32668,Crawfor,Gd,TA,Y,4550,53,35,1,15090,27300,1,0.076987,200624
531,6,1509,2,1461,2,1988,1989,1,10200,Timber,Gd,Gd,Y,2970,22,21,1,9054,17820,1,0.147941,175000
532,6,1362,2,611,2,1920,1999,0,6155,BrkSide,TA,TA,Y,1973,90,11,1,8172,11838,0,0.221284,128000
533,5,827,1,0,1,1955,2007,1,7200,NAmes,TA,TA,Y,827,55,3,1,4135,4135,1,0.114861,107500
534,1,334,0,0,1,1946,1950,0,5000,BrkSide,Fa,Fa,N,334,64,60,1,334,334,0,0.0668,39300
535,8,1414,2,707,2,2004,2004,1,9056,Gilbert,Gd,Gd,Y,2121,6,6,0,11312,16968,1,0.15614,178000
536,5,1347,0,1117,1,1910,1991,0,7000,Edwards,TA,TA,Y,2464,100,19,1,6735,12320,0,0.192429,107500
537,7,1724,2,880,2,1998,1999,0,8924,CollgCr,TA,Gd,Y,2604,12,11,1,12068,18228,0,0.193187,188000
538,4,864,2,864,1,1972,1972,0,12735,NAmes,TA,TA,Y,1728,38,38,0,3456,6912,0,0.067845,111250
539,5,1159,1,1051,1,1968,1968,1,11553,Sawyer,TA,TA,Y,2210,42,42,0,5795,11050,1,0.10032,158000
540,8,1601,2,1581,2,2001,2002,1,11423,CollgCr,Gd,Gd,Y,3182,9,8,1,12808,25456,1,0.140156,272000
541,9,1838,3,1838,2,2006,2006,1,14601,Timber,Ex,Ex,Y,3676,4,4,0,16542,33084,1,0.125882,315000
542,8,2285,3,969,2,2000,2000,1,11000,NoRidge,Gd,Gd,Y,3254,10,10,0,18280,26032,1,0.207727,248000
543,7,1680,2,1650,2,1998,1999,1,10140,NWAmes,Gd,Gd,Y,3330,12,11,1,11760,23310,1,0.16568,213250
544,7,767,1,723,1,1998,1998,0,4058,NAmes,TA,TA,Y,1490,12,12,0,5369,10430,0,0.189009,133000
545,7,1496,2,654,2,2006,2006,1,17104,Gilbert,Gd,Gd,Y,2150,4,4,0,10472,15050,1,0.087465,179665
546,7,2183,3,1204,2,1988,1988,0,13837,NWAmes,Gd,Gd,Y,3387,22,22,0,15281,23709,0,0.157765,229000
547,6,1635,2,1065,1,1923,1950,1,8737,BrkSide,TA,TA,Y,2700,87,60,1,9810,16200,1,0.187135,210000
548,5,768,2,768,1,1970,1970,0,7244,Mitchel,TA,TA,Y,1536,40,40,0,3840,7680,0,0.106019,129500
549,5,825,2,825,1,1955,1995,0,8235,OldTown,TA,TA,Y,1650,55,15,1,4125,8250,0,0.100182,125000
550,7,2094,2,912,2,2003,2004,1,9375,Somerst,Gd,Gd,Y,3006,7,6,1,14658,21042,1,0.22336,263000
551,6,1069,2,1069,2,1977,1977,0,4043,NPkVill,TA,TA,Y,2138,33,33,0,6414,12828,0,0.264408,140000
552,5,928,1,928,1,1957,1957,0,6000,OldTown,TA,TA,Y,1856,53,53,0,4640,9280,0,0.154667,112500
553,8,1717,3,1709,2,2006,2006,1,11146,NridgHt,Gd,Gd,Y,3426,4,4,0,13736,27408,1,0.154046,255500
554,4,1126,2,0,2,1949,2003,0,8777,Edwards,TA,Gd,Y,1126,61,7,1,4504,4504,0,0.12829,108000
555,7,2046,3,998,2,2003,2004,1,10625,NridgHt,Gd,Gd,Y,3044,7,6,1,14322,21308,1,0.192565,284000
556,5,1048,1,993,1,1922,1950,1,6380,BrkSide,TA,TA,Y,2041,88,60,1,5240,10205,1,0.164263,113000
557,5,1092,1,1092,1,1957,1957,1,14850,NAmes,TA,TA,Y,2184,53,53,0,5460,10920,1,0.073535,141000
558,4,1336,1,637,1,1920,1950,0,11040,IDOTRR,TA,TA,Y,1973,90,60,1,5344,7892,0,0.121014,108000
559,7,1446,2,729,2,1996,1997,1,21872,Gilbert,TA,TA,Y,2175,14,13,1,10122,15225,1,0.066112,175000
560,7,1557,2,1374,2,2003,2004,1,3196,Blmngtn,Gd,Gd,Y,2931,7,6,1,10899,20517,1,0.487171,234000
561,5,1392,2,1392,1,1957,1996,1,11341,Sawyer,TA,TA,Y,2784,53,14,1,6960,13920,1,0.12274,121500
562,5,1389,2,1389,1,1974,1975,1,10010,Mitchel,TA,TA,Y,2778,36,35,1,6945,13890,1,0.138761,170000
563,5,996,0,996,1,1940,1969,1,13907,Edwards,TA,TA,Y,1992,70,41,1,4980,9960,1,0.071619,108000
564,6,1674,2,1163,2,1918,1950,1,21780,Edwards,TA,TA,Y,2837,92,60,1,10044,17022,1,0.07686,185000
565,7,2295,2,1095,2,1992,2000,1,13346,NoRidge,Gd,Gd,Y,3390,18,10,1,16065,23730,1,0.171962,268000
566,6,1647,1,806,1,1915,1950,0,6858,SWISU,TA,Fa,N,2453,95,60,1,9882,14718,0,0.240157,128000
567,9,2504,3,1122,2,2005,2007,1,11198,StoneBr,Gd,Ex,Y,3626,5,3,1,22536,32634,1,0.223611,325000
568,7,1535,2,1517,2,2004,2004,0,10171,NridgHt,Gd,Gd,Y,3052,6,6,0,10745,21364,0,0.150919,214000
569,8,2132,2,1496,1,1983,2009,1,12327,SawyerW,Gd,Gd,Y,3628,27,1,1,17056,29024,1,0.172954,316600
570,5,943,2,943,1,1979,1979,2,7032,NAmes,TA,TA,Y,1886,31,31,0,4715,9430,1,0.134101,135960
571,5,1728,2,1728,2,1965,1965,0,13101,NAmes,TA,TA,Y,3456,45,45,0,8640,17280,0,0.131898,142600
572,6,864,1,864,1,1959,1959,0,7332,NAmes,TA,Gd,Y,1728,51,51,0,5184,10368,0,0.11784,120000
573,7,1692,2,846,2,2009,2009,0,13159,Timber,TA,Gd,Y,2538,1,1,0,11844,17766,0,0.128581,224500
574,7,1430,2,384,2,2000,2000,1,9967,Gilbert,TA,TA,Y,1814,10,10,0,10010,12698,1,0.143473,170000
575,5,1109,1,372,1,1971,2005,0,10500,NAmes,TA,TA,Y,1481,39,5,1,5545,7405,0,0.105619,139000
576,5,1216,1,832,1,1947,1950,0,8480,NAmes,TA,TA,Y,2048,63,60,1,6080,10240,0,0.143396,118500
577,7,1477,1,861,2,1928,1950,1,6292,SWISU,TA,TA,Y,2338,82,60,1,10339,16366,1,0.234743,145000
578,5,1320,2,1164,1,1966,1966,2,11777,Sawyer,TA,TA,Y,2484,44,44,0,6600,12420,1,0.112083,164500
579,7,1392,2,689,2,2007,2007,0,3604,Somerst,Gd,Gd,Y,2081,3,3,0,9744,14567,0,0.386238,146000
580,5,1795,1,1050,2,1954,1954,0,12150,OldTown,TA,TA,N,2845,56,56,0,8975,14225,0,0.147737,131500
581,6,1429,2,1144,1,1960,1987,2,14585,NAmes,TA,Gd,Y,2573,50,23,1,8574,15438,1,0.097977,181900
582,8,2042,3,2042,2,2008,2009,1,12704,NridgHt,Ex,Ex,Y,4084,2,1,1,16336,32672,1,0.160737,253293
583,6,816,0,816,1,1990,1990,0,11841,Edwards,TA,TA,Y,1632,20,20,0,4896,9792,0,0.068913,118500
584,10,2775,2,1237,3,1893,2000,1,13500,OldTown,Ex,Gd,Y,4012,117,10,1,27750,40120,1,0.205556,325000
585,4,1573,1,884,1,1935,1995,0,6120,BrkSide,TA,Gd,Y,2457,75,15,1,6292,9828,0,0.257026,133000
586,8,2028,3,1868,2,2005,2006,2,11443,Timber,Gd,Gd,Y,3896,5,4,1,16224,31168,1,0.177226,369900
587,6,838,1,816,1,1918,2000,0,10267,BrkSide,TA,Fa,Y,1654,92,10,1,5028,9924,0,0.081621,130000
588,5,860,2,840,1,1982,1982,0,8740,Sawyer,TA,TA,Y,1700,28,28,0,4300,8500,0,0.098398,137000
589,5,1473,1,1437,1,1968,2003,2,25095,ClearCr,TA,Ex,Y,2910,42,7,1,7365,14550,1,0.058697,143000
590,5,935,1,742,1,1930,1960,0,9100,BrkSide,TA,TA,Y,1677,80,50,1,4675,8385,0,0.102747,79500
591,7,1582,2,770,2,2004,2004,0,8320,CollgCr,Gd,Gd,Y,2352,6,6,0,11074,16464,0,0.190144,185900
592,10,2296,3,1722,2,2008,2008,1,13478,NridgHt,Ex,Ex,Y,4018,2,2,0,22960,40180,1,0.170352,451950
593,5,816,2,816,1,1982,2003,0,6600,Mitchel,TA,TA,Y,1632,28,7,1,4080,8160,0,0.123636,138000
594,6,848,2,848,1,2003,2003,0,4435,CollgCr,Gd,Gd,Y,1696,7,7,0,5088,10176,0,0.191206,140000
595,5,924,1,924,1,1975,1975,0,7990,CollgCr,TA,TA,Y,1848,35,35,0,4620,9240,0,0.115645,110000
596,8,1826,3,1814,2,2005,2006,1,11302,StoneBr,Gd,Gd,Y,3640,5,4,1,14608,29120,1,0.161564,319000
597,6,1368,1,684,1,1910,1993,0,3600,OldTown,TA,TA,N,2052,100,17,1,8208,12312,0,0.38,114504
598,7,1402,3,1258,0,2006,2007,1,3922,Blmngtn,Gd,Gd,Y,2660,4,3,1,9814,18620,1,0.357471,194201
599,5,1647,2,1430,2,1977,1977,1,12984,Crawfor,TA,Gd,Y,3077,33,33,0,8235,15385,1,0.126848,217500
600,6,1556,2,716,2,1980,1980,1,1950,Blueste,TA,TA,Y,2272,30,30,0,9336,13632,1,0.797949,151000
601,8,1904,2,1058,2,2005,2005,1,10927,NridgHt,Gd,Ex,Y,2962,5,5,0,15232,23696,1,0.174247,275000
602,6,1375,1,780,1,1937,1950,1,9000,IDOTRR,TA,Gd,Y,2155,73,60,1,8250,12930,1,0.152778,141000
603,8,1915,2,908,2,1992,1992,1,10041,SawyerW,Gd,Gd,Y,2823,18,18,0,15320,22584,1,0.190718,220000
604,7,1200,2,600,2,2004,2005,0,3182,Somerst,Gd,Gd,Y,1800,6,5,1,8400,12600,0,0.377121,151000
605,7,1494,2,1494,2,2002,2002,1,12803,CollgCr,Gd,Gd,Y,2988,8,8,0,10458,20916,1,0.116691,221000
606,7,1986,2,768,2,1965,1990,3,13600,NAmes,TA,TA,Y,2754,45,20,1,13902,19278,1,0.146029,205000
607,5,1040,2,1040,1,1996,1996,0,12464,CollgCr,TA,Gd,Y,2080,14,14,0,5200,10400,0,0.08344,152000
608,5,2008,1,896,3,1948,2002,0,7800,Edwards,TA,Ex,Y,2904,62,8,1,10040,14520,0,0.257436,225000
609,8,3194,2,965,2,1934,1998,2,12168,Crawfor,TA,TA,Y,4159,76,12,1,25552,33272,1,0.262492,359100
610,4,1029,1,1029,1,1961,1961,0,7943,Sawyer,TA,TA,Y,2058,49,49,0,4116,8232,0,0.129548,118500
611,9,2153,3,1440,2,2000,2000,2,11050,CollgCr,Gd,Ex,Y,3593,10,10,0,19377,32337,1,0.194842,313000
612,6,1032,2,1032,2,1978,1978,1,10395,NWAmes,TA,TA,Y,2064,32,32,0,6192,12384,1,0.099278,148000
613,8,1872,2,1299,2,2001,2001,1,11885,CollgCr,Gd,Ex,Y,3171,9,9,0,14976,25368,1,0.157509,261500
614,5,1120,0,1120,1,2007,2007,0,8402,Mitchel,TA,TA,Y,2240,3,3,0,5600,11200,0,0.133302,147000
615,4,630,0,630,1,1972,1972,0,1491,MeadowV,TA,TA,Y,1260,38,38,0,2520,5040,0,0.422535,75500
616,6,1054,2,936,1,1963,1963,0,8800,NAmes,TA,Gd,Y,1990,47,47,0,6324,11940,0,0.119773,137500
617,6,1509,2,783,2,2002,2003,1,7861,Gilbert,Gd,Gd,Y,2292,8,7,1,9054,13752,1,0.19196,183200
618,6,832,2,832,1,1954,1954,0,7227,NAmes,TA,Gd,Y,1664,56,56,0,4992,9984,0,0.115124,105500
619,9,1828,3,1822,2,2007,2007,1,11694,NridgHt,Ex,Gd,Y,3650,3,3,0,16452,32850,1,0.156319,314813
620,8,2262,3,1482,2,2003,2003,2,12244,Timber,Gd,Gd,Y,3744,7,7,0,18096,29952,1,0.184744,305000
621,3,864,0,864,1,1914,1950,0,8248,Edwards,TA,TA,N,1728,96,60,1,2592,5184,0,0.104753,67000
622,6,2614,2,1522,2,1974,1997,1,10800,NWAmes,TA,TA,Y,4136,36,13,1,15684,24816,1,0.242037,240000
623,5,980,2,980,1,1977,1977,0,7064,Sawyer,TA,TA,Y,1960,33,33,0,4900,9800,0,0.138732,135000
624,6,1512,2,756,2,2000,2000,1,2117,Somerst,Gd,Gd,Y,2268,10,10,0,9072,13608,1,0.714218,168500
625,6,1790,2,732,1,1972,1972,1,10400,NWAmes,TA,TA,Y,2522,38,38,0,10740,15132,1,0.172115,165150
626,6,1116,2,1116,1,1962,1962,0,10000,NAmes,TA,TA,Y,2232,48,48,0,6696,13392,0,0.1116,160000
627,5,1422,1,978,1,1960,1978,1,12342,NAmes,TA,TA,Y,2400,50,32,1,7110,12000,1,0.115216,139900
628,6,1520,1,1156,1,1955,1972,2,9600,NAmes,TA,TA,Y,2676,55,38,1,9120,16056,1,0.158333,153000
629,5,2080,2,1040,1,1969,1969,2,11606,NAmes,TA,Fa,Y,3120,41,41,0,10400,15600,1,0.179218,135000
630,6,1350,2,1248,1,1964,1964,0,9020,NAmes,TA,TA,Y,2598,46,46,0,8100,15588,0,0.149667,168500
631,5,1750,1,636,1,1880,1991,0,9000,OldTown,TA,Ex,Y,2386,130,19,1,8750,11930,0,0.194444,124000
632,8,1554,2,1554,2,2006,2006,1,4590,NridgHt,Gd,Gd,Y,3108,4,4,0,12432,24864,1,0.338562,209500
633,7,1411,2,1386,2,1977,1977,1,11900,NWAmes,TA,TA,Y,2797,33,33,0,9877,19579,1,0.118571,82500
634,5,1056,1,1056,1,1954,2005,0,9250,NAmes,TA,TA,Y,2112,56,5,1,5280,10560,0,0.114162,139400
635,6,1056,2,1056,0,1980,1980,0,6979,OldTown,TA,TA,Y,2112,30,30,0,6336,12672,0,0.151311,144000
636,6,3395,0,1440,2,1914,1995,0,10896,SWISU,Fa,Fa,Y,4835,96,15,1,20370,29010,0,0.311582,200000
637,2,800,0,264,1,1936,1950,1,6120,BrkSide,Fa,Fa,N,1064,74,60,1,1600,2128,1,0.130719,60000
638,5,1387,1,811,2,1954,1954,0,6000,OldTown,TA,Gd,Y,2198,56,56,0,6935,10990,0,0.231167,93000
639,5,796,0,796,1,1910,1950,0,8777,Edwards,TA,TA,Y,1592,100,60,1,3980,7960,0,0.090692,85000
640,8,1567,3,1520,2,2006,2006,1,3982,Blmngtn,Gd,Ex,Y,3087,4,4,0,12536,24696,1,0.393521,264561
641,8,1518,2,1518,1,2003,2004,1,12677,NridgHt,Ex,Ex,Y,3036,7,6,1,12144,24288,1,0.119744,274000
642,7,1929,2,1057,2,2001,2001,1,7050,Somerst,Gd,Gd,Y,2986,9,9,0,13503,20902,1,0.273617,226000
643,8,2704,2,1952,2,1972,1995,3,13860,NAmes,Gd,Ex,Y,4656,38,15,1,21632,37248,1,0.195094,345000
644,5,1620,2,780,2,1969,1969,0,10793,NWAmes,TA,TA,Y,2400,41,41,0,8100,12000,0,0.150097,152000
645,9,1766,3,1766,2,2009,2009,1,9187,Somerst,Ex,Ex,Y,3532,1,1,0,15894,31788,1,0.192228,370878
646,6,981,2,981,1,1971,1971,0,10530,NAmes,TA,TA,Y,1962,39,39,0,5886,11772,0,0.093162,143250
647,5,1048,2,0,1,1950,1950,0,7200,NAmes,TA,TA,Y,1048,60,60,0,5240,5240,0,0.145556,98300
648,6,1094,2,1094,1,1953,1953,2,10452,Edwards,TA,TA,Y,2188,57,57,0,6564,13128,1,0.104669,155000
649,6,1839,2,756,1,1966,1966,1,7700,NAmes,TA,TA,Y,2595,44,44,0,11034,15570,1,0.238831,155000
650,4,630,0,630,1,1970,1970,0,1936,MeadowV,TA,TA,Y,1260,40,40,0,2520,5040,0,0.325413,84500
651,7,1665,2,813,2,2007,2007,0,8125,Somerst,Gd,Gd,Y,2478,3,3,0,11655,17346,0,0.204923,205950
652,4,1510,1,755,1,1940,1950,1,9084,Edwards,TA,TA,Y,2265,70,60,1,6040,9060,1,0.166226,108000
653,7,1716,2,880,2,1996,1996,1,8750,CollgCr,Gd,Gd,Y,2596,14,14,0,12012,18172,1,0.196114,191000
654,6,1469,1,756,1,1906,1995,0,10320,IDOTRR,TA,TA,Y,2225,104,15,1,8814,13350,0,0.142345,135000
655,8,2113,3,2109,2,1995,1995,1,10437,NoRidge,Gd,Gd,Y,4222,15,15,0,16904,33776,1,0.202453,350000
656,6,1092,1,525,1,1971,1971,0,1680,BrDale,TA,TA,Y,1617,39,39,0,6552,9702,0,0.65,88000
657,5,1053,1,1053,1,1959,2006,0,10007,NAmes,Gd,Gd,Y,2106,51,4,1,5265,10530,0,0.105226,145500
658,7,1502,1,776,1,1931,2000,1,7200,Crawfor,TA,TA,Y,2278,79,10,1,10514,15946,1,0.208611,149000
659,6,1458,1,912,1,1948,1950,1,17503,NAmes,TA,TA,Y,2370,62,60,1,8748,14220,1,0.0833,97500
660,5,1486,2,1486,1,1964,1999,0,9937,Edwards,TA,TA,Y,2972,46,11,1,7430,14860,0,0.149542,167000
661,7,1935,2,793,2,1976,1976,1,12384,NWAmes,TA,TA,Y,2728,34,34,0,13545,19096,1,0.15625,197900
662,8,2448,3,1629,2,1994,2005,1,46589,NoRidge,Gd,Gd,Y,4077,16,5,1,19584,32616,1,0.052545,402000
663,6,1392,2,1392,1,1968,1968,2,13560,NAmes,TA,TA,Y,2784,42,42,0,8352,16704,1,0.102655,110000
664,4,1181,2,1138,2,1972,1972,0,10012,Edwards,TA,TA,Y,2319,38,38,0,4724,9276,0,0.117958,137500
665,8,2097,3,2077,1,2005,2006,1,20896,Somerst,Gd,Ex,Y,4174,5,4,1,16776,33392,1,0.100354,423000
666,8,1936,2,1406,2,2000,2000,1,11194,Gilbert,Gd,Gd,Y,3342,10,10,0,15488,26736,1,0.17295,230500
667,6,2380,2,1021,2,1965,1979,1,18450,NAmes,TA,TA,Y,3401,45,31,1,14280,20406,1,0.128997,129000
668,6,1679,2,1408,2,1994,1998,1,8125,SawyerW,TA,Gd,Y,3087,16,12,1,10074,18522,1,0.206646,193500
669,5,1437,2,1188,1,1956,1987,1,14175,Sawyer,TA,TA,Y,2625,54,23,1,7185,13125,1,0.101376,168000
670,4,1180,1,700,1,1922,1950,1,11600,Crawfor,TA,Fa,Y,1880,88,60,1,4720,7520,1,0.101724,137500
671,6,1476,2,738,2,2005,2005,0,8633,CollgCr,Gd,Gd,Y,2214,5,5,0,8856,13284,0,0.170972,173500
672,6,1369,1,672,2,1925,1950,0,6629,Edwards,TA,TA,N,2041,85,60,1,8214,12246,0,0.206517,103600
673,6,1208,2,1208,1,1977,1977,1,11250,Veenker,Gd,TA,Y,2416,33,33,0,7248,14496,1,0.107378,165000
674,6,1839,2,1477,2,1957,2004,2,14442,Crawfor,TA,Gd,Y,3316,53,6,1,11034,19896,1,0.127337,257500
675,6,1136,1,1136,1,1965,1965,1,9200,NAmes,TA,TA,Y,2272,45,45,0,6816,13632,1,0.123478,140000
676,6,1441,2,855,2,1978,1978,1,2289,NPkVill,TA,TA,Y,2296,32,32,0,8646,13776,1,0.629533,148500
677,4,1774,3,1095,2,1900,1950,0,9600,OldTown,TA,TA,N,2869,110,60,1,7096,11476,0,0.184792,87000
678,5,792,1,768,1,1924,2006,0,9022,OldTown,Gd,Gd,Y,1560,86,4,1,3960,7800,0,0.087785,109500
679,8,2046,3,2046,2,2008,2008,1,11844,StoneBr,Gd,Gd,Y,4092,2,2,0,16368,32736,1,0.172746,372500
680,5,988,2,988,1,1961,1961,0,9945,Sawyer,TA,TA,Y,1976,49,49,0,4940,9880,0,0.099346,128500
681,6,923,1,923,2,1980,1980,1,8012,SawyerW,TA,TA,Y,1846,30,30,0,5538,11076,1,0.115202,143000
682,5,1520,1,793,1,1932,2000,0,4500,SWISU,TA,TA,Y,2313,78,10,1,7600,11565,0,0.337778,159434
683,6,1291,2,1291,1,1996,1997,1,2887,ClearCr,TA,Gd,Y,2582,14,13,1,7746,15492,1,0.447177,173000
684,9,1668,3,1626,2,2002,2002,1,11248,CollgCr,Gd,Gd,Y,3294,8,8,0,15012,29646,1,0.148293,285000
685,7,1839,2,1195,2,1998,1998,0,16770,NoRidge,Gd,TA,Y,3034,12,12,0,12873,21238,0,0.10966,221000
686,7,2090,2,1190,2,1984,1984,1,5062,StoneBr,Gd,Gd,Y,3280,26,26,0,14630,22960,1,0.41288,207500
687,7,1761,2,874,3,2007,2007,0,10207,Somerst,Gd,Gd,Y,2635,3,3,0,12327,18445,0,0.172529,227875
688,7,1102,2,551,2,2004,2004,0,5105,Somerst,Gd,Gd,Y,1653,6,6,0,7714,11571,0,0.215867,148800
689,8,1419,2,1419,2,2007,2007,1,8089,StoneBr,Gd,Gd,Y,2838,3,3,0,11352,22704,1,0.175423,392000
690,6,1362,2,1362,2,2005,2006,1,7577,NridgHt,Gd,Gd,Y,2724,5,4,1,8172,16344,1,0.179755,194700
691,6,848,2,848,1,2004,2004,1,4426,CollgCr,Gd,Gd,Y,1696,6,6,0,5088,10176,1,0.191595,141000
692,10,4316,3,2444,3,1994,1995,2,21535,NoRidge,Ex,Ex,Y,6760,16,15,1,43160,67600,1,0.200418,755000
693,7,2519,2,1210,2,1989,1990,2,26178,Timber,Gd,Gd,Y,3729,21,20,1,17633,26103,1,0.096226,335000
694,5,1073,1,1073,1,1921,1968,0,5400,OldTown,TA,TA,Y,2146,89,42,1,5365,10730,0,0.198704,108480
695,5,1539,2,927,1,1936,1950,0,6120,BrkSide,TA,TA,Y,2466,74,60,1,7695,12330,0,0.251471,141500
696,6,1137,2,1112,2,1987,1987,1,13811,Timber,TA,Gd,Y,2249,23,23,0,6822,13494,1,0.082326,176000
697,5,616,1,616,1,1921,1950,0,6000,BrkSide,TA,TA,Y,1232,89,60,1,3080,6160,0,0.102667,89000
698,5,1148,1,980,1,1952,1952,0,6420,Edwards,TA,TA,Y,2128,58,58,0,5740,10640,0,0.178816,123500
699,5,894,1,894,1,1965,2009,1,8450,Sawyer,TA,TA,Y,1788,45,1,1,4470,8940,1,0.105799,138500
700,7,1391,2,1391,2,2004,2004,0,4282,Somerst,Gd,Gd,Y,2782,6,6,0,9737,19474,0,0.324848,196000
701,8,1800,3,1800,2,2002,2002,1,14331,Timber,Gd,Gd,Y,3600,8,8,0,14400,28800,1,0.125602,312500
702,7,1164,2,1164,1,1969,1969,0,9600,NWAmes,TA,TA,Y,2328,41,41,0,8148,16296,0,0.12125,140000
703,8,2576,3,1234,2,2006,2006,1,12438,StoneBr,Ex,Ex,Y,3810,4,4,0,20608,30480,1,0.207107,361919
704,5,1812,2,360,2,1900,1996,1,7630,OldTown,TA,Gd,Y,2172,110,14,1,9060,10860,1,0.237484,140000
705,7,1484,2,1473,2,2004,2005,0,8400,CollgCr,Gd,Gd,Y,2957,6,5,1,10388,20699,0,0.176667,213000
706,4,1092,0,0,2,1930,1950,0,5600,IDOTRR,Fa,Fa,N,1092,80,60,1,4368,4368,0,0.195,55000
707,7,1824,2,1643,2,1971,2002,2,115149,ClearCr,TA,Gd,Y,3467,39,8,1,12768,24269,1,0.01584,302000
708,8,1324,2,1324,2,2006,2006,1,6240,NridgHt,Gd,Gd,Y,2648,4,4,0,10592,21184,1,0.212179,254000
709,7,1456,2,728,2,2007,2007,1,9018,Gilbert,Gd,Gd,Y,2184,3,3,0,10192,15288,1,0.161455,179540
710,5,904,1,876,1,1966,1966,0,7162,Sawyer,TA,TA,Y,1780,44,44,0,4520,8900,0,0.126222,109900
711,3,729,0,270,1,1935,2003,0,4130,BrkSide,Gd,TA,Y,999,75,7,1,2187,2997,0,0.176513,52000
712,4,1178,1,859,1,1900,1950,0,8712,IDOTRR,TA,TA,Y,2037,110,60,1,4712,8148,0,0.135216,102776
713,8,1228,2,1228,2,1988,1989,1,4671,StoneBr,Gd,Gd,Y,2456,22,21,1,9824,19648,1,0.262899,189000
714,4,960,2,960,1,1970,1970,0,9873,BrkSide,TA,TA,N,1920,40,40,0,3840,7680,0,0.097235,129000
715,6,1479,2,725,2,1976,2005,0,13517,Sawyer,Gd,Gd,Y,2204,34,5,1,8874,13224,0,0.109418,130500
716,6,1350,2,1064,2,1974,1974,1,10140,NWAmes,TA,TA,Y,2414,36,36,0,8100,14484,1,0.133136,165000
717,7,2554,2,718,1,1890,1998,0,10800,OldTown,TA,TA,Y,3272,120,12,1,17878,22904,0,0.236481,159500
718,5,1178,2,1176,1,1973,2000,1,10000,NWAmes,TA,Gd,Y,2354,37,10,1,5890,11770,1,0.1178,157000
719,7,2418,3,1311,2,1993,1994,1,10542,NoRidge,Gd,Gd,Y,3729,17,16,1,16926,26103,1,0.229368,341000
720,5,971,1,971,1,1969,1969,1,9920,CollgCr,TA,TA,Y,1942,41,41,0,4855,9710,1,0.097883,128500
721,8,1742,2,1742,2,1985,1985,1,6563,StoneBr,Gd,Gd,Y,3484,25,25,0,13936,27872,1,0.265427,275000
722,6,848,2,848,1,2004,2004,0,4426,CollgCr,Gd,Gd,Y,1696,6,6,0,5088,10176,0,0.191595,143000
723,4,864,2,864,1,1970,1970,0,8120,NAmes,TA,TA,Y,1728,40,40,0,3456,6912,0,0.106404,124500
724,4,1470,1,941,2,1954,1972,0,8172,Edwards,TA,TA,Y,2411,56,38,1,5880,9644,0,0.179883,135000
725,9,1698,3,1698,2,2007,2008,1,13286,Edwards,Ex,Ex,Y,3396,3,2,1,15282,30564,1,0.127804,320000
726,4,864,2,864,1,1970,1970,0,6960,NAmes,TA,Gd,Y,1728,40,40,0,3456,6912,0,0.124138,120500
727,6,1680,2,880,2,1988,2007,1,21695,Crawfor,Gd,Gd,Y,2560,22,3,1,10080,15360,1,0.077437,222000
728,7,1232,2,1232,2,2007,2007,0,7314,CollgCr,Gd,Gd,Y,2464,3,3,0,8624,17248,0,0.168444,194500
729,5,1776,3,1584,2,1958,1958,0,11475,NAmes,TA,TA,Y,3360,52,52,0,8880,16800,0,0.154771,110000
730,4,1208,2,780,1,1925,1950,0,6240,IDOTRR,TA,TA,Y,1988,85,60,1,4832,7952,0,0.19359,103000
731,8,1616,2,1595,2,1995,1996,1,5389,StoneBr,Gd,Gd,Y,3211,15,14,1,12928,25688,1,0.29987,236500
732,7,1146,2,868,2,2003,2003,1,9590,Timber,Gd,Gd,Y,2014,7,7,0,8022,14098,1,0.119499,187500
733,7,2031,2,1153,2,1998,1999,1,11404,CollgCr,Gd,Gd,Y,3184,12,11,1,14217,22288,1,0.178095,222500
734,5,1144,1,864,1,1961,1983,1,10000,Sawyer,TA,TA,Y,2008,49,27,1,5720,10040,1,0.1144,131400
735,5,948,1,948,1,1968,1968,0,8978,Sawyer,TA,TA,Y,1896,42,42,0,4740,9480,0,0.105591,108000
736,7,1768,2,880,1,1914,1970,2,10800,OldTown,TA,TA,N,2648,96,40,1,12376,18536,1,0.163704,163000
737,3,1040,2,0,2,1950,1950,0,8544,NAmes,TA,TA,N,1040,60,60,0,3120,3120,0,0.121723,93500
738,8,1801,3,893,2,2005,2005,1,10463,Gilbert,Gd,Gd,Y,2694,5,5,0,14408,21552,1,0.17213,239900
739,5,1200,0,1200,3,1987,1988,0,10800,Edwards,TA,TA,Y,2400,23,22,1,6000,12000,0,0.111111,179000
740,7,1728,2,864,2,2004,2004,0,9313,CollgCr,Gd,Gd,Y,2592,6,6,0,12096,18144,0,0.185547,190000
741,5,1432,2,264,2,1910,2002,0,9600,OldTown,TA,TA,Y,1696,100,8,1,7160,8480,0,0.149167,132000
742,6,912,1,912,1,1961,1996,0,6768,Sawyer,TA,Gd,Y,1824,49,14,1,5472,10944,0,0.134752,142000
743,7,1349,2,1349,2,2000,2001,0,8450,SawyerW,TA,TA,Y,2698,10,9,1,9443,18886,0,0.159645,179000
744,5,1464,2,520,2,1963,1999,1,12886,Sawyer,TA,TA,Y,1984,47,11,1,7320,9920,1,0.113612,175000
745,8,1337,2,1337,2,1993,1993,1,5395,StoneBr,Gd,Gd,Y,2674,17,17,0,10696,21392,1,0.247822,180000
746,8,2715,2,1142,3,1976,1996,2,8963,NWAmes,Ex,Gd,Y,3857,34,14,1,21720,30856,1,0.302912,299800
747,7,2256,2,952,2,2000,2000,1,8795,Gilbert,Gd,Gd,Y,3208,10,10,0,15792,22456,1,0.256509,236000
748,7,2640,4,1240,1,1880,2003,1,11700,OldTown,Gd,Gd,N,3880,130,7,1,18480,27160,1,0.225641,265979
749,7,1720,2,1720,2,1996,1996,1,10593,NoRidge,Gd,Gd,Y,3440,14,14,0,12040,24080,1,0.162371,260400
750,4,1529,1,0,2,1945,1950,0,8405,Edwards,TA,TA,N,1529,65,60,1,6116,6116,0,0.181916,98000
751,4,1140,0,576,1,1910,2004,0,8800,OldTown,TA,TA,Y,1716,100,6,1,4560,6864,0,0.129545,96500
752,7,1320,2,660,2,2003,2003,0,7750,Gilbert,Gd,Gd,Y,1980,7,7,0,9240,13860,0,0.170323,162000
753,6,1494,2,1479,2,1997,1997,0,9236,CollgCr,TA,Gd,Y,2973,13,13,0,8964,17838,0,0.161758,217000
754,8,2098,3,1030,2,2005,2005,1,10240,NridgHt,Gd,Ex,Y,3128,5,5,0,16784,25024,1,0.204883,275500
755,6,1026,2,1026,1,1969,2005,0,7930,NAmes,TA,Gd,Y,2052,41,5,1,6156,12312,0,0.129382,156000
756,6,1471,2,729,2,1999,1999,0,3230,Somerst,TA,TA,Y,2200,11,11,0,8826,13200,0,0.455418,172500
757,8,1768,2,866,2,2007,2007,0,10769,CollgCr,Gd,Gd,Y,2634,3,3,0,14144,21072,0,0.164175,212000
758,6,1386,2,672,2,1978,1978,1,11616,Sawyer,TA,TA,Y,2058,32,32,0,8316,12348,1,0.119318,158900
759,7,1501,2,744,2,1999,1999,0,2280,Somerst,TA,TA,Y,2245,11,11,0,10507,15715,0,0.658333,179400
760,8,2531,3,1318,2,1995,1995,1,12257,NoRidge,Gd,Gd,Y,3849,15,15,0,20248,30792,1,0.206494,290000
761,6,864,1,864,1,1959,1959,0,9100,NAmes,TA,TA,Y,1728,51,51,0,5184,10368,0,0.094945,127500
762,5,1301,2,1145,1,1924,1950,0,6911,BrkSide,TA,Fa,Y,2446,86,60,1,6505,12230,0,0.188251,100000
763,7,1547,2,756,2,2009,2009,0,8640,Somerst,TA,Gd,Y,2303,1,1,0,10829,16121,0,0.179051,215200
764,8,2365,3,1252,2,1999,1999,1,9430,NoRidge,Gd,Gd,Y,3617,11,11,0,18920,28936,1,0.250795,337000
765,8,1494,2,1494,1,1995,1996,1,9549,Veenker,Gd,Ex,Y,2988,15,14,1,11952,23904,1,0.156456,270000
766,9,1506,2,1498,2,2008,2008,1,14587,Somerst,Gd,Ex,Y,3004,2,2,0,13554,27036,1,0.103243,264132
767,7,1714,2,980,2,1988,1988,1,10421,NWAmes,TA,TA,Y,2694,22,22,0,11998,18858,1,0.164476,196500
768,6,1750,1,983,2,1940,1985,0,12508,Mitchel,TA,TA,Y,2733,70,25,1,10500,16398,0,0.13991,160000
769,7,1836,2,1860,2,2004,2005,1,9100,CollgCr,Gd,Gd,Y,3696,6,5,1,12852,25872,1,0.201758,216837
770,8,3279,3,1650,3,2003,2003,1,53504,StoneBr,Ex,Ex,Y,4929,7,7,0,26232,39432,1,0.061285,538000
771,5,858,2,858,1,1982,1982,0,7252,Sawyer,TA,TA,Y,1716,28,28,0,4290,8580,0,0.118312,134900
772,4,1220,2,836,1,1951,1951,0,8877,Edwards,TA,TA,Y,2056,59,59,0,4880,8224,0,0.137434,102000
773,6,1117,2,1029,1,1976,1976,1,7819,Edwards,TA,TA,Y,2146,34,34,0,6702,12876,1,0.142857,107000
774,5,912,1,912,1,1958,1958,0,10150,NAmes,TA,TA,Y,1824,52,52,0,4560,9120,0,0.089852,114500
775,8,1973,3,1935,2,2006,2006,1,14226,NridgHt,Gd,Gd,Y,3908,4,4,0,15784,31264,1,0.13869,395000
776,6,1204,2,1204,2,1998,1998,0,4500,Mitchel,TA,TA,Y,2408,12,12,0,7224,14448,0,0.267556,162000
777,7,1614,3,1614,2,2005,2006,0,11210,CollgCr,Gd,Gd,Y,3228,5,4,1,11298,22596,0,0.143979,221500
778,5,894,2,864,1,1974,1974,1,13350,Sawyer,TA,TA,Y,1758,36,36,0,4470,8790,1,0.066966,142500
779,5,2020,2,0,2,1977,1977,2,8400,SawyerW,TA,TA,Y,2020,33,33,0,10100,10100,1,0.240476,144000
780,6,1004,2,975,1,1977,1977,0,10530,Mitchel,TA,TA,Y,1979,33,33,0,6024,11874,0,0.095347,135000
781,7,1253,2,1237,2,1995,1996,1,7875,Gilbert,TA,TA,Y,2490,15,14,1,8771,17430,1,0.159111,176000
782,6,1603,2,761,2,1992,1992,0,7153,SawyerW,Gd,Gd,Y,2364,18,18,0,9618,14184,0,0.224102,175900
783,7,1430,2,1413,2,2001,2002,0,16285,CollgCr,Gd,Gd,Y,2843,9,8,1,10010,19901,0,0.087811,187100
784,5,1110,2,1097,1,1978,1978,1,9101,Mitchel,TA,Gd,Y,2207,32,32,0,5550,11035,1,0.121965,165500
785,6,1484,0,742,2,1914,2001,1,6300,OldTown,TA,TA,Y,2226,96,9,1,8904,13356,1,0.235556,128000
786,6,1342,2,1372,2,1967,1967,1,9790,NWAmes,TA,TA,Y,2714,43,43,0,8052,16284,1,0.137079,161500
787,5,1652,1,686,2,1915,1950,0,10800,OldTown,TA,TA,Y,2338,95,60,1,8260,11690,0,0.152963,139000
788,7,2084,2,956,2,2004,2004,0,10142,SawyerW,Gd,Gd,Y,3040,6,6,0,14588,21280,0,0.205482,233000
789,4,901,1,901,1,1954,2000,0,6000,OldTown,TA,TA,Y,1802,56,10,1,3604,7208,0,0.150167,107900
790,6,2087,2,832,2,1966,2007,0,12205,ClearCr,TA,Gd,Y,2919,44,3,1,12522,17514,0,0.170995,187500
791,7,1145,2,1145,2,2005,2006,1,3182,Blmngtn,Gd,Gd,Y,2290,5,4,1,8015,16030,1,0.359837,160200
792,6,1062,2,1029,1,1976,1976,2,11333,Mitchel,TA,TA,Y,2091,34,34,0,6372,12546,1,0.093709,146800
793,7,2013,2,1117,2,1996,1997,1,9920,NoRidge,Gd,TA,Y,3130,14,13,1,14091,21910,1,0.202923,269790
794,8,1496,2,1496,2,2007,2007,0,9158,Somerst,Gd,Gd,Y,2992,3,3,0,11968,23936,0,0.163354,225000
795,7,1895,2,712,2,1994,1996,1,10832,Gilbert,Gd,Gd,Y,2607,16,14,1,13265,18249,1,0.174945,194500
796,6,1564,2,650,2,1980,1981,1,8400,SawyerW,TA,TA,Y,2214,30,29,1,9384,13284,1,0.18619,171000
797,6,1285,2,660,1,1977,1977,1,8197,Sawyer,TA,TA,Y,1945,33,33,0,7710,11670,1,0.156765,143500
798,5,773,1,773,1,1953,1953,0,7677,NAmes,TA,TA,Y,1546,57,57,0,3865,7730,0,0.10069,110000
799,9,3140,3,1926,3,2008,2009,2,13518,NridgHt,Ex,Ex,Y,5066,2,1,1,28260,45594,1,0.232283,485000
800,5,1768,1,731,1,1937,1950,2,7200,SWISU,TA,Gd,Y,2499,73,60,1,8840,12495,1,0.245556,175000
801,6,1688,2,616,2,1997,1997,0,12798,ClearCr,TA,Gd,Y,2304,13,13,0,10128,13824,0,0.131896,200000
802,4,1196,2,1196,1,1916,1990,0,4800,IDOTRR,TA,TA,Y,2392,94,20,1,4784,9568,0,0.249167,109900
803,7,1456,2,728,2,2005,2005,1,8199,CollgCr,Gd,Gd,Y,2184,5,5,0,10192,15288,1,0.177583,189000
804,9,2822,3,1734,3,2008,2009,1,13891,NridgHt,Ex,Ex,Y,4556,2,1,1,25398,41004,1,0.203153,582933
805,5,1128,1,936,1,1954,1954,0,9000,NAmes,TA,TA,Y,2064,56,56,0,5640,10320,0,0.125333,118000
806,7,1428,2,1417,2,2008,2008,0,12274,Somerst,Gd,Ex,Y,2845,2,2,0,9996,19915,0,0.116343,227680
807,5,980,1,980,2,1967,1967,0,9750,NAmes,TA,TA,Y,1960,43,43,0,4900,9800,0,0.100513,135500
808,5,1576,2,1324,1,1923,2004,1,21384,BrkSide,TA,Gd,Y,2900,87,6,1,7880,14500,1,0.0737,223500
809,5,1086,2,1024,1,1966,1966,1,13400,NAmes,TA,TA,Y,2110,44,44,0,5430,10550,1,0.081045,159950
810,5,2138,2,849,2,1898,1965,0,8100,OldTown,TA,TA,N,2987,112,45,1,10690,14935,0,0.263951,106000
811,6,1309,2,1040,1,1974,1999,1,10140,NWAmes,TA,Gd,Y,2349,36,11,1,7854,14094,1,0.129093,181000
812,6,848,2,848,1,2004,2004,1,4438,CollgCr,Gd,Gd,Y,1696,6,6,0,5088,10176,1,0.191077,144500
813,5,1044,2,540,1,1952,1952,0,8712,IDOTRR,Fa,Fa,N,1584,58,58,0,5220,7920,0,0.119835,55993
814,6,1442,1,1442,1,1958,1958,0,9750,NAmes,TA,TA,Y,2884,52,52,0,8652,17304,0,0.147897,157900
815,5,1250,1,686,1,1918,1950,0,8248,Edwards,TA,Fa,Y,1936,92,60,1,6250,9680,0,0.151552,116000
816,7,1661,2,1649,2,1998,1998,0,12137,CollgCr,TA,Gd,Y,3310,12,12,0,11627,23170,0,0.136854,224900
817,5,1008,1,1008,1,1954,1954,1,11425,NAmes,TA,TA,Y,2016,56,56,0,5040,10080,1,0.088228,137000
818,8,1689,3,1568,2,2002,2002,2,13265,Mitchel,Gd,Gd,Y,3257,8,8,0,13512,26056,1,0.127328,271000
819,6,1052,2,1010,1,1971,1971,0,8816,ClearCr,TA,TA,Y,2062,39,39,0,6312,12372,0,0.119328,155000
820,7,1358,2,1358,2,2009,2010,1,6371,NridgHt,Gd,Gd,Y,2716,1,0,1,9506,19012,1,0.213153,224000
821,7,1640,2,798,2,2003,2003,0,7226,CollgCr,Gd,Gd,Y,2438,7,7,0,11480,17066,0,0.226958,183000
822,4,936,2,936,1,1953,1953,0,6000,OldTown,Fa,TA,N,1872,57,57,0,3744,7488,0,0.156,93000
823,7,1733,2,847,2,2003,2003,1,12394,Gilbert,Gd,Gd,Y,2580,7,7,0,12131,18060,1,0.139826,225000
824,6,1489,1,778,2,1940,1950,1,9900,SWISU,TA,TA,Y,2267,70,60,1,8934,13602,1,0.150404,139500
825,8,1489,2,1489,2,2006,2006,1,11216,Somerst,Gd,Gd,Y,2978,4,4,0,11912,23824,1,0.132757,232600
826,10,2084,3,2078,2,2007,2008,1,14803,NridgHt,Ex,Ex,Y,4162,3,2,1,20840,41620,1,0.140782,385000
827,5,784,0,784,1,1924,1950,0,6130,BrkSide,TA,Gd,Y,1568,86,60,1,3920,7840,0,0.127896,109500
828,7,1434,2,1454,2,2001,2001,1,8529,SawyerW,Gd,Gd,Y,2888,9,9,0,10038,20216,1,0.168132,189000
829,5,2126,2,1013,2,1967,1967,0,28698,ClearCr,TA,TA,Y,3139,43,43,0,10630,15695,0,0.074082,185000
830,7,1223,2,600,2,2005,2005,0,2544,Somerst,Gd,Gd,Y,1823,5,5,0,8561,12761,0,0.480739,147400
831,6,1392,2,1392,1,1957,1957,2,11900,NAmes,TA,TA,Y,2784,53,53,0,8352,16704,1,0.116975,166000
832,7,1200,2,600,2,2005,2005,0,3180,Somerst,TA,Gd,Y,1800,5,5,0,8400,12600,0,0.377358,151000
833,7,1829,2,941,2,2003,2003,1,9548,CollgCr,Gd,Gd,Y,2770,7,7,0,12803,19390,1,0.191558,237000
834,6,1516,2,1516,1,1964,1964,0,10004,NAmes,TA,TA,Y,3032,46,46,0,9096,18192,0,0.151539,167000
835,5,1144,2,1144,1,1961,1961,0,7875,NAmes,TA,TA,Y,2288,49,49,0,5720,11440,0,0.14527,139950
836,4,1067,2,1067,2,1950,1995,0,9600,Sawyer,TA,Gd,Y,2134,60,15,1,4268,8536,0,0.111146,128000
837,5,1559,2,1559,1,1948,1973,0,8100,OldTown,TA,TA,Y,3118,62,37,1,7795,15590,0,0.192469,153500
838,6,987,1,483,1,1973,1973,0,1680,BrDale,TA,TA,Y,1470,37,37,0,5922,8820,0,0.5875,100000
839,5,1099,1,1099,1,1995,2006,0,9525,CollgCr,TA,Gd,Y,2198,15,4,1,5495,10990,0,0.115381,144000
840,5,1200,1,768,1,1946,1995,0,11767,Edwards,TA,TA,Y,1968,64,15,1,6000,9840,0,0.10198,130500
841,6,1482,1,672,2,1925,1950,0,12155,SWISU,TA,Fa,N,2154,85,60,1,8892,12924,0,0.121925,140000
842,5,1539,2,650,2,1904,2002,1,10440,OldTown,TA,Gd,Y,2189,106,8,1,7695,10945,1,0.147414,157500
843,6,1165,2,1127,1,1966,1966,0,9020,NAmes,TA,TA,Y,2292,44,44,0,6990,13752,0,0.129157,174900
844,5,1800,0,1800,2,1961,1961,0,8000,NAmes,TA,TA,N,3600,49,49,0,9000,18000,0,0.225,141000
845,5,1416,3,876,1,1915,1950,1,12665,OldTown,TA,TA,Y,2292,95,60,1,7080,11460,1,0.111804,153900
846,5,1701,2,1390,2,1975,1981,2,16647,Sawyer,TA,TA,Y,3091,35,29,1,8505,15455,1,0.102181,171000
847,7,1775,2,740,2,1993,1993,1,9317,SawyerW,Gd,Gd,Y,2515,17,17,0,12425,17605,1,0.190512,213000
848,5,864,1,864,1,1972,1972,1,15523,CollgCr,TA,TA,Y,1728,38,38,0,4320,8640,1,0.055659,133500
849,6,2358,2,907,3,1908,1997,1,45600,ClearCr,TA,TA,Y,3265,102,13,1,14148,19590,1,0.051711,240000
850,6,1855,2,528,2,1976,1994,1,9600,Veenker,Gd,TA,Y,2383,34,16,1,11130,14298,1,0.193229,187000
851,6,848,2,848,1,2003,2003,0,4435,CollgCr,Gd,Gd,Y,1696,7,7,0,5088,10176,0,0.191206,131500
852,8,1456,2,1273,2,2003,2003,1,3196,Blmngtn,Gd,Gd,Y,2729,7,7,0,11648,21832,1,0.455569,215000
853,7,1646,1,918,2,1941,1950,2,7128,Crawfor,TA,TA,Y,2564,69,60,1,11522,17948,1,0.23092,164000
854,6,1445,2,1127,1,1964,1964,1,12095,NAmes,TA,TA,Y,2572,46,46,0,8670,15432,1,0.119471,158000
855,5,1779,2,1763,1,1955,1974,1,17920,Sawyer,TA,TA,Y,3542,55,36,1,8895,17710,1,0.099275,170000
856,5,1040,1,1040,1,1962,2010,0,6897,Sawyer,TA,TA,Y,2080,48,0,1,5200,10400,0,0.15079,127000
857,6,1026,2,940,1,1978,1978,0,10970,CollgCr,TA,TA,Y,1966,32,32,0,6156,11796,0,0.093528,147000
858,6,1481,2,702,2,1994,1995,1,8125,Gilbert,TA,TA,Y,2183,16,15,1,8886,13098,1,0.182277,174000
859,7,1370,2,1090,2,1976,1976,1,10400,NWAmes,TA,TA,Y,2460,34,34,0,9590,17220,1,0.131731,152000
860,6,2654,2,1054,2,1968,1984,1,11029,NWAmes,TA,Gd,Y,3708,42,26,1,15924,22248,1,0.240638,250000
861,7,1426,1,912,1,1918,1998,1,7642,Crawfor,Gd,Gd,Y,2338,92,12,1,9982,16366,1,0.1866,189950
862,5,1039,2,1039,1,1965,1965,0,11625,Sawyer,TA,TA,Y,2078,45,45,0,5195,10390,0,0.089376,131500
863,6,1097,2,1040,2,1984,1985,0,9672,SawyerW,TA,TA,Y,2137,26,25,1,6582,12822,0,0.11342,152000
864,5,1148,1,1148,1,1959,1959,0,7931,NAmes,TA,TA,Y,2296,51,51,0,5740,11480,0,0.144748,132500
865,7,1372,2,1372,2,2007,2008,0,8640,Somerst,Gd,Gd,Y,2744,3,2,1,9604,19208,0,0.158796,250580
866,5,1002,2,1002,1,1970,1970,0,8750,NAmes,TA,TA,Y,2004,40,40,0,5010,10020,0,0.114514,148500
867,8,1646,3,1638,2,2006,2007,1,10656,Timber,Gd,Gd,Y,3284,4,3,1,13168,26272,1,0.154467,248900
868,4,1120,2,1040,1,1961,1961,0,6970,Sawyer,TA,Fa,Y,2160,49,49,0,4480,8640,0,0.160689,129000
869,5,2320,2,0,2,1948,1950,1,14762,Gilbert,TA,TA,Y,2320,62,60,1,11600,11600,1,0.15716,169000
870,7,1949,2,1050,2,1993,1994,1,9938,SawyerW,Gd,Gd,Y,2999,17,16,1,13643,20993,1,0.196116,236000
871,5,894,1,894,1,1962,1962,0,6600,NAmes,TA,TA,N,1788,48,48,0,4470,8940,0,0.135455,109500
872,6,1682,2,804,2,1998,1998,0,8750,CollgCr,TA,Gd,Y,2486,12,12,0,10092,14916,0,0.192229,200500
873,5,910,2,105,1,1953,1996,0,8892,NAmes,Gd,Gd,Y,1015,57,14,1,4550,5075,0,0.102339,116000
874,5,1268,1,832,1,1949,1950,1,12144,NAmes,Gd,TA,Y,2100,61,60,1,6340,10500,1,0.104414,133000
875,5,1131,1,676,1,1941,1950,0,5720,OldTown,TA,TA,Y,1807,69,60,1,5655,9035,0,0.197727,66500
876,8,2610,2,1184,2,2007,2007,1,9000,Somerst,Gd,Ex,Y,3794,3,3,0,20880,30352,1,0.29,303477
877,4,1040,2,1064,1,1963,1963,0,25286,Mitchel,TA,TA,Y,2104,47,47,0,4160,8416,0,0.041129,132250
878,9,2224,3,1462,2,2004,2005,1,8834,NridgHt,Gd,Ex,Y,3686,6,5,1,20016,33174,1,0.251755,350000
879,5,1155,2,1109,1,1961,1995,0,11782,Sawyer,TA,Gd,Y,2264,49,15,1,5775,11320,0,0.098031,148000
880,5,864,1,864,1,1978,2005,0,7000,CollgCr,Gd,TA,Y,1728,32,5,1,4320,8640,0,0.123429,136500
881,5,1090,2,1090,1,2005,2006,0,7024,Edwards,TA,TA,Y,2180,5,4,1,5450,10900,0,0.155182,157000
882,7,1717,2,1156,2,1990,1991,1,13758,Timber,Gd,Gd,Y,2873,20,19,1,12019,20111,1,0.1248,187500
883,6,1593,2,808,2,1992,1993,1,9636,Gilbert,TA,TA,Y,2401,18,17,1,9558,14406,1,0.165318,178000
884,4,2230,1,795,1,1912,1950,0,6204,SWISU,Gd,TA,N,3025,98,60,1,8920,12100,0,0.359446,118500
885,5,892,1,892,1,1967,1967,0,7150,NAmes,TA,TA,Y,1784,43,43,0,4460,8920,0,0.124755,100000
886,9,1709,2,1698,2,1999,2000,1,5119,Somerst,Gd,Gd,Y,3407,11,10,1,15381,30663,1,0.333854,328900
887,5,1712,2,1626,2,1959,2005,0,8393,NAmes,TA,TA,Y,3338,51,5,1,8560,16690,0,0.20398,145000
888,5,1393,1,816,1,1955,1955,0,16466,Edwards,TA,TA,Y,2209,55,55,0,6965,11045,0,0.084599,135500
889,8,2217,2,2217,2,1970,1970,1,15865,NAmes,Gd,Gd,Y,4434,40,40,0,17736,35472,1,0.139742,268000
890,6,1505,2,1505,1,1953,1953,1,12160,NAmes,TA,TA,Y,3010,57,57,0,9030,18060,1,0.123766,149500
891,5,924,2,672,1,1949,2006,1,8064,NAmes,TA,TA,Y,1596,61,4,1,4620,7980,1,0.114583,122900
892,6,1683,2,918,2,1978,1978,1,11184,Sawyer,TA,TA,Y,2601,32,32,0,10098,15606,1,0.150483,172500
893,6,1068,1,1059,1,1963,2003,0,8414,Sawyer,TA,TA,Y,2127,47,7,1,6408,12762,0,0.126931,154500
894,5,1383,1,1383,1,1954,1954,1,13284,Sawyer,TA,TA,Y,2766,56,56,0,6915,13830,1,0.10411,165000
895,5,1535,2,0,2,1979,1979,0,7018,SawyerW,TA,TA,Y,1535,31,31,0,7675,7675,0,0.218723,118858
896,6,1796,2,780,1,1963,1963,1,7056,NAmes,TA,TA,Y,2576,47,47,0,10776,15456,1,0.254535,140000
897,4,951,1,951,1,1936,1950,0,8765,IDOTRR,TA,TA,N,1902,74,60,1,3804,7608,0,0.1085,106500
898,5,2240,2,0,2,1979,1979,0,7018,SawyerW,TA,TA,Y,2240,31,31,0,11200,11200,0,0.319179,142953
899,9,2364,3,2330,2,2009,2010,2,12919,NridgHt,Ex,Ex,Y,4694,1,0,1,21276,42246,1,0.182986,611657
900,5,1236,1,912,1,1961,1994,1,6993,Sawyer,TA,TA,Y,2148,49,16,1,6180,10740,1,0.176748,135000
901,4,858,1,858,1,1971,1971,0,7340,NAmes,TA,TA,Y,1716,39,39,0,3432,6864,0,0.116894,110000
902,5,1306,1,992,1,1957,2000,0,8712,NAmes,TA,TA,Y,2298,53,10,1,6530,11490,0,0.149908,153000
903,7,1509,2,783,2,2003,2003,1,7875,Gilbert,Gd,Gd,Y,2292,7,7,0,10563,16044,1,0.191619,180000
904,7,1670,3,1670,2,2006,2006,1,14859,Gilbert,Gd,Gd,Y,3340,4,4,0,11690,23380,1,0.11239,240000
905,5,902,1,876,1,1967,1967,0,6173,Sawyer,TA,TA,Y,1778,43,43,0,4510,8890,0,0.14612,125500
906,5,1063,1,1056,1,1954,1954,0,9920,NAmes,TA,TA,Y,2119,56,56,0,5315,10595,0,0.107157,128000
907,8,1636,3,1623,2,2006,2006,1,13501,Somerst,Gd,Gd,Y,3259,4,4,0,13088,26072,1,0.121176,255000
908,7,2057,1,1017,1,1936,1987,1,11500,Crawfor,Gd,Gd,Y,3074,74,23,1,14399,21518,1,0.17887,250000
909,5,902,2,864,1,1983,1983,0,8885,Mitchel,TA,TA,Y,1766,27,27,0,4510,8830,0,0.101519,131000
910,6,1484,2,742,2,2005,2005,1,12589,Gilbert,Gd,Gd,Y,2226,5,5,0,8904,13356,1,0.117881,174000
911,5,2274,2,1105,2,1960,1960,0,11600,NAmes,TA,TA,Y,3379,50,50,0,11370,16895,0,0.196034,154300
912,5,1268,1,1268,1,1977,1989,0,9286,CollgCr,TA,Gd,Y,2536,33,21,1,6340,12680,0,0.13655,143500
913,5,1015,1,768,1,1925,1950,0,6120,BrkSide,TA,TA,N,1783,85,60,1,5075,8915,0,0.16585,88000
914,5,2002,3,1001,2,1949,1950,0,6270,Crawfor,TA,TA,N,3003,61,60,1,10010,15015,0,0.319298,145000
915,6,1224,2,612,2,2009,2009,0,3000,Somerst,Gd,Gd,Y,1836,1,1,0,7344,11016,0,0.408,173733
916,4,1092,1,546,1,1970,1970,0,2001,MeadowV,TA,TA,Y,1638,40,40,0,4368,6552,0,0.545727,75000
917,2,480,1,480,0,1949,1950,0,9000,IDOTRR,TA,TA,N,960,61,60,1,960,1920,0,0.053333,35311
918,4,1229,1,1134,1,1956,1956,0,17140,Edwards,TA,TA,Y,2363,54,54,0,4916,9452,0,0.071704,135000
919,7,2127,3,1104,2,1991,1991,1,13125,SawyerW,Gd,Gd,Y,3231,19,19,0,14889,22617,1,0.162057,238000
920,6,1414,2,1184,1,1958,2002,1,11029,NAmes,Ex,TA,Y,2598,52,8,1,8484,15588,1,0.128207,176500
921,6,1721,2,928,2,1994,1994,0,8462,SawyerW,Gd,Gd,Y,2649,16,16,0,10326,15894,0,0.20338,201000
922,5,2200,0,1272,2,1900,2003,0,8777,Edwards,TA,TA,Y,3472,110,7,1,11000,17360,0,0.250655,145900
923,6,1316,2,1316,2,2005,2006,1,10237,Gilbert,Gd,Gd,Y,2632,5,4,1,7896,15792,1,0.128553,169990
924,6,1617,2,1604,2,1993,1994,1,8012,SawyerW,Gd,Gd,Y,3221,17,16,1,9702,19326,1,0.201822,193000
925,6,1686,2,1686,2,1980,1980,1,10240,NWAmes,TA,TA,Y,3372,30,30,0,10116,20232,1,0.164648,207500
926,5,1126,2,1126,2,1977,1977,0,15611,NWAmes,TA,Ex,Y,2252,33,33,0,5630,11260,0,0.072129,175000
927,8,2374,3,1181,2,2003,2004,1,11999,NridgHt,Gd,Ex,Y,3555,7,6,1,18992,28440,1,0.19785,285000
928,7,1978,2,832,2,1968,1968,1,9900,NWAmes,TA,TA,Y,2810,42,42,0,13846,19670,1,0.199798,176000
929,8,1788,2,1753,2,2001,2001,1,11838,CollgCr,Gd,Ex,Y,3541,9,9,0,14304,28328,1,0.151039,236500
930,7,2236,2,964,2,1997,1997,1,13006,Gilbert,TA,Gd,Y,3200,13,13,0,15652,22400,1,0.171921,222000
931,8,1466,3,1466,2,2007,2007,0,8925,Timber,Gd,Gd,Y,2932,3,3,0,11728,23456,0,0.164258,201000
932,5,925,1,925,1,1965,1965,0,9100,NAmes,TA,TA,Y,1850,45,45,0,4625,9250,0,0.101648,117500
933,9,1905,3,1905,2,2006,2006,1,11670,Somerst,Ex,Ex,Y,3810,4,4,0,17145,34290,1,0.163239,320000
934,7,1500,2,1500,2,2004,2004,0,8487,CollgCr,Gd,Gd,Y,3000,6,6,0,10500,21000,0,0.176741,190000
935,7,2069,2,585,2,1960,2007,1,27650,NAmes,TA,Gd,Y,2654,50,3,1,14483,18578,1,0.074828,242000
936,4,747,2,600,1,1926,1953,0,5825,BrkSide,TA,TA,Y,1347,84,57,1,2988,5388,0,0.12824,79900
937,7,1200,2,1176,2,2003,2003,0,10083,SawyerW,Gd,Gd,Y,2376,7,7,0,8400,16632,0,0.119012,184900
938,7,1971,2,1113,2,2005,2005,1,9675,Somerst,Gd,Gd,Y,3084,5,5,0,13797,21588,1,0.203721,253000
939,7,1962,3,1391,2,2006,2006,0,8760,CollgCr,Gd,Gd,Y,3353,4,4,0,13734,23471,0,0.223973,239799
940,7,2403,1,1032,2,1940,1950,2,24090,ClearCr,TA,TA,Y,3435,70,60,1,16821,24045,1,0.099751,244400
941,6,1728,2,1728,2,1976,1976,0,12640,Mitchel,TA,TA,Y,3456,34,34,0,10368,20736,0,0.136709,150900
942,7,2060,2,992,2,1999,1999,1,8755,Gilbert,Gd,Gd,Y,3052,11,11,0,14420,21364,1,0.235294,214000
943,4,1440,0,1440,2,1977,1977,0,7711,Edwards,TA,TA,Y,2880,33,33,0,5760,11520,0,0.186746,150000
944,5,1632,2,1632,2,1967,1967,0,25000,Mitchel,TA,TA,Y,3264,43,43,0,8160,16320,0,0.06528,143000
945,6,1344,2,819,1,1958,1958,1,14375,Timber,TA,Gd,Y,2163,52,52,0,8064,12978,1,0.093496,137500
946,5,1869,2,1088,1,1890,1996,0,8820,OldTown,TA,TA,Y,2957,120,14,1,9345,14785,0,0.211905,124900
947,5,1144,1,1144,1,1959,1959,1,8163,NAmes,TA,TA,Y,2288,51,51,0,5720,11440,1,0.140145,143000
948,8,1629,3,1616,2,2002,2003,1,14536,Timber,Gd,Gd,Y,3245,8,7,1,13032,25960,1,0.112067,270000
949,7,1776,2,936,2,2002,2002,1,14006,CollgCr,Gd,Gd,Y,2712,8,8,0,12432,18984,1,0.126803,192500
950,6,1381,2,1161,1,1972,2006,1,9360,NWAmes,TA,Gd,Y,2542,38,4,1,8286,15252,1,0.147543,197500
951,5,864,2,864,1,1950,2002,0,7200,NAmes,TA,Gd,Y,1728,60,8,1,4320,8640,0,0.12,129000
952,5,965,1,828,1,1965,1965,0,7800,SawyerW,TA,TA,Y,1793,45,45,0,4825,8965,0,0.123718,119900
953,5,768,1,768,1,1972,2003,0,7200,CollgCr,TA,TA,Y,1536,38,7,1,3840,7680,0,0.106667,133900
954,5,1968,2,784,2,1969,1969,1,11075,Mitchel,TA,TA,Y,2752,41,41,0,9840,13760,1,0.177698,172000
955,6,980,0,945,2,1975,1975,0,9400,Edwards,TA,TA,Y,1925,35,35,0,5880,11550,0,0.104255,127500
956,6,1958,2,979,2,1946,1950,0,7136,Crawfor,TA,TA,N,2937,64,60,1,11748,17622,0,0.274383,145000
957,6,1229,2,561,1,1980,1980,1,1300,Blueste,TA,TA,Y,1790,30,30,0,7374,10740,1,0.945385,124000
958,5,1057,2,1057,1,1962,1962,0,7420,Sawyer,TA,TA,Y,2114,48,48,0,5285,10570,0,0.142453,132000
959,7,1337,2,1337,2,2003,2003,0,8450,CollgCr,Gd,Gd,Y,2674,7,7,0,9359,18718,0,0.158225,185000
960,7,1416,2,696,2,1999,1999,0,2572,Somerst,Gd,Gd,Y,2112,11,11,0,9912,14784,0,0.550544,155000
961,5,858,0,858,1,1958,2008,0,7207,BrkSide,TA,TA,Y,1716,52,2,1,4290,8580,0,0.119051,116500
962,6,2872,2,1330,2,1977,1995,1,12227,NWAmes,TA,TA,Y,4202,33,15,1,17232,25212,1,0.23489,272000
963,6,1548,2,804,2,1976,1976,1,2308,NPkVill,TA,Gd,Y,2352,34,34,0,9288,14112,1,0.670711,155000
964,9,1800,2,1800,2,2007,2007,0,11923,CollgCr,Gd,Ex,Y,3600,3,3,0,16200,32400,0,0.150969,239000
965,7,1894,2,817,2,2002,2003,1,11316,Timber,Gd,Gd,Y,2711,8,7,1,13258,18977,1,0.167374,214900
966,6,1484,2,783,2,2005,2007,1,10237,Gilbert,Gd,Gd,Y,2267,5,3,1,8904,13602,1,0.144964,178900
967,5,1308,1,728,1,1940,1950,2,9600,Crawfor,Gd,TA,Y,2036,70,60,1,6540,10180,1,0.13625,160000
968,5,1098,1,1098,1,1955,1955,0,7390,NAmes,TA,TA,Y,2196,55,55,0,5490,10980,0,0.148579,135000
969,3,968,0,600,1,1910,1950,0,5925,OldTown,TA,TA,N,1568,100,60,1,2904,4704,0,0.163376,37900
970,6,1095,1,588,1,1958,1958,0,10382,NAmes,TA,TA,Y,1683,52,52,0,6570,10098,0,0.105471,140000
971,4,1192,0,720,1,1949,1950,0,10800,NAmes,TA,TA,N,1912,61,60,1,4768,7648,0,0.11037,135000
972,7,1626,2,764,2,2003,2004,0,2268,NridgHt,Gd,Gd,Y,2390,7,6,1,11382,16730,0,0.716931,173000
973,6,918,1,918,2,1979,1979,1,7892,SawyerW,TA,TA,Y,1836,31,31,0,5508,11016,1,0.11632,99500
974,7,1428,2,1428,2,2007,2008,0,11639,Somerst,Gd,Gd,Y,2856,3,2,1,9996,19992,0,0.122691,182000
975,7,2019,2,728,1,1910,1993,0,11414,BrkSide,TA,Gd,N,2747,100,17,1,14133,19229,0,0.176888,167500
976,7,1382,2,673,2,2000,2000,0,2651,Somerst,Gd,Gd,Y,2055,10,10,0,9674,14385,0,0.521313,165000
977,4,869,0,440,1,1923,1958,0,5900,BrkSide,TA,Fa,Y,1309,87,52,1,3476,5236,0,0.147288,85500
978,7,1241,2,1241,1,2006,2007,0,4274,Somerst,Gd,Gd,Y,2482,4,3,1,8687,17374,0,0.29036,199900
979,4,894,2,894,1,1954,1954,0,9450,Edwards,TA,TA,Y,1788,56,56,0,3576,7152,0,0.094603,110000
980,5,1121,2,1121,1,1963,1963,0,8816,Sawyer,TA,TA,Y,2242,47,47,0,5605,11210,0,0.127155,139000
981,7,999,2,944,1,1961,2007,0,12122,NAmes,Ex,Ex,Y,1943,49,3,1,6993,13601,0,0.082412,178400
982,8,2612,3,1225,2,1998,1999,1,12203,NoRidge,Gd,Gd,Y,3837,12,11,1,20896,30696,1,0.214046,336000
983,7,1266,2,1266,2,2007,2007,1,3182,Blmngtn,Gd,Gd,Y,2532,3,3,0,8862,17724,1,0.397863,159895
984,8,2290,2,1128,2,2002,2002,1,11250,CollgCr,Gd,Gd,Y,3418,8,8,0,18320,27344,1,0.203556,255900
985,5,1734,2,0,2,1977,1977,0,10125,Mitchel,TA,Gd,Y,1734,33,33,0,8670,8670,0,0.171259,126000
986,5,1164,1,1164,1,1950,1950,0,10880,Edwards,TA,TA,N,2328,60,60,0,5820,11640,0,0.106985,125000
987,6,1635,1,485,1,1910,2003,0,5310,OldTown,TA,Gd,Y,2120,100,7,1,9810,12720,0,0.30791,117000
988,9,1940,3,1930,2,2009,2010,1,10159,NridgHt,Ex,Ex,Y,3870,1,0,1,17460,34830,1,0.190964,395192
989,6,2030,2,848,2,1976,1976,1,12046,NWAmes,TA,Gd,Y,2878,34,34,0,12180,17268,1,0.168521,195000
990,7,1576,2,770,2,2006,2006,0,8125,Somerst,Gd,Gd,Y,2346,4,4,0,11032,16422,0,0.193969,197000
991,8,2392,3,1396,2,1997,1998,1,9452,NoRidge,Gd,Gd,Y,3788,13,12,1,19136,30304,1,0.253068,348000
992,8,1742,2,916,1,1882,1986,1,17671,OldTown,Gd,Gd,Y,2658,128,24,1,13936,21264,1,0.09858,168000
993,6,1851,2,822,2,1964,1993,1,9760,NAmes,TA,Gd,Y,2673,46,17,1,11106,16038,1,0.189652,187000
994,6,1500,2,750,2,2005,2006,0,8846,CollgCr,TA,Gd,Y,2250,5,4,1,9000,13500,0,0.169568,173900
995,10,1718,3,1700,2,2006,2007,1,12456,NridgHt,Ex,Ex,Y,3418,4,3,1,17180,34180,1,0.137925,337500
996,4,1230,1,747,1,1946,1950,0,4712,BrkSide,TA,TA,Y,1977,64,60,1,4920,7908,0,0.261036,121600
997,5,1050,1,1050,1,1961,1961,0,10659,NAmes,TA,TA,Y,2100,49,49,0,5250,10500,0,0.098508,136500
998,6,1442,2,1442,2,1970,1970,1,11717,NWAmes,TA,TA,Y,2884,40,40,0,8652,17304,1,0.123069,185000
999,3,1077,1,1007,1,1922,1950,1,9786,IDOTRR,TA,TA,N,2084,88,60,1,3231,6252,1,0.110055,91000
1000,7,1208,2,1187,2,2006,2006,0,6762,CollgCr,Gd,Gd,Y,2395,4,4,0,8456,16765,0,0.178645,206000
1001,3,944,2,0,1,1952,1952,0,10206,Edwards,TA,Fa,N,944,58,58,0,2832,2832,0,0.092495,82000
1002,5,691,1,691,1,1920,1950,0,5400,OldTown,TA,Ex,Y,1382,90,60,1,3455,6910,0,0.127963,86000
1003,8,1574,3,1574,2,2006,2006,1,11957,Somerst,Gd,Gd,Y,3148,4,4,0,12592,25184,1,0.131638,232000
1004,5,1680,2,1680,2,1976,1976,0,11500,NWAmes,TA,TA,Y,3360,34,34,0,8400,16800,0,0.146087,136905
1005,7,1504,2,1346,2,2005,2006,1,3182,Blmngtn,Gd,Gd,Y,2850,5,4,1,10528,19950,1,0.472659,181000
1006,5,985,1,985,2,1977,1977,0,8385,CollgCr,Gd,TA,Y,1970,33,33,0,4925,9850,0,0.117472,149900
1007,6,1657,2,1657,2,1970,1970,1,12155,NAmes,TA,TA,Y,3314,40,40,0,9942,19884,1,0.136323,163500
1008,4,1092,1,546,1,1970,1970,0,2217,MeadowV,TA,TA,Y,1638,40,40,0,4368,6552,0,0.492558,88000
1009,7,1710,2,1710,2,2004,2005,1,12118,Mitchel,Gd,Gd,Y,3420,6,5,1,11970,23940,1,0.141112,240000
1010,5,1522,0,1008,2,1926,1950,0,6000,SWISU,TA,TA,Y,2530,84,60,1,7610,12650,0,0.253667,102000
1011,5,1271,1,720,2,1948,1950,1,21286,Sawyer,TA,TA,Y,1991,62,60,1,6355,9955,1,0.059711,135000
1012,5,1664,0,0,2,1965,1965,0,9825,Edwards,TA,TA,N,1664,45,45,0,8320,8320,0,0.169364,100000
1013,6,1502,1,602,1,1923,1996,2,10592,Crawfor,TA,Gd,Y,2104,87,14,1,9012,12624,1,0.141805,165000
1014,5,1022,1,1022,1,1910,2006,0,7200,OldTown,TA,TA,N,2044,100,4,1,5110,10220,0,0.141944,85000
1015,6,1082,1,1082,1,1948,1950,1,11664,NAmes,TA,TA,Y,2164,62,60,1,6492,12984,1,0.092764,119200
1016,8,1665,2,810,2,2001,2001,0,8400,NWAmes,Gd,Gd,Y,2475,9,9,0,13320,19800,0,0.198214,227000
1017,7,1504,2,1504,2,1996,1996,1,11883,CollgCr,Gd,Gd,Y,3008,14,14,0,10528,21056,1,0.126567,203000
1018,8,1360,2,1220,1,1984,1984,1,5814,StoneBr,Gd,Gd,Y,2580,26,26,0,10880,20640,1,0.233918,187500
1019,7,1472,2,384,2,1991,1992,1,10784,Gilbert,Gd,Gd,Y,1856,19,18,1,10304,12992,1,0.136499,160000
1020,7,1506,2,1362,2,2005,2005,1,3013,Blmngtn,Gd,Gd,Y,2868,5,5,0,10542,20076,1,0.499834,213490
1021,4,1132,2,1132,1,2005,2005,0,7024,Edwards,TA,Gd,Y,2264,5,5,0,4528,9056,0,0.161162,176000
1022,7,1220,2,1199,2,2006,2006,0,7406,CollgCr,Gd,Gd,Y,2419,4,4,0,8540,16933,0,0.164731,194000
1023,5,1248,1,912,1,1930,1950,0,9439,OldTown,TA,TA,Y,2160,80,60,1,6240,10800,0,0.132217,87000
1024,7,1504,2,1346,2,2005,2006,1,3182,Blmngtn,Gd,Gd,Y,2850,5,4,1,10528,19950,1,0.472659,191000
1025,8,2898,2,1565,2,1976,1976,1,15498,Timber,Gd,Gd,Y,4463,34,34,0,23184,35704,1,0.186992,287000
1026,5,882,2,882,1,1972,1972,0,7700,CollgCr,TA,TA,Y,1764,38,38,0,4410,8820,0,0.114545,112500
1027,5,1264,2,1268,1,1960,1960,2,9300,NAmes,TA,TA,Y,2532,50,50,0,6320,12660,1,0.135914,167500
1028,8,1646,3,1638,2,2007,2008,1,9520,Timber,Gd,Gd,Y,3284,3,2,1,13168,26272,1,0.172899,293077
1029,5,1376,1,768,1,1941,1950,1,9492,NAmes,TA,TA,Y,2144,69,60,1,6880,10720,1,0.144964,105000
1030,6,1218,1,672,1,1972,1972,0,1680,BrDale,TA,TA,Y,1890,38,38,0,7308,11340,0,0.725,118000
1031,5,1928,0,686,2,1916,1995,0,7082,SWISU,TA,TA,Y,2614,94,15,1,9640,13070,0,0.272239,160000
1032,7,3082,2,824,2,1920,1970,2,15863,SWISU,TA,TA,Y,3906,90,40,1,21574,27342,1,0.194289,197000
1033,8,2520,3,1338,2,1993,1993,1,14541,NoRidge,Gd,Gd,Y,3858,17,17,0,20160,30864,1,0.173303,310000
1034,7,1654,3,1654,2,2002,2002,0,8125,CollgCr,Gd,Gd,Y,3308,8,8,0,11578,23156,0,0.203569,230000
1035,5,954,1,920,1,1938,1950,1,6305,Crawfor,TA,Fa,Y,1874,72,60,1,4770,9370,1,0.151308,119750
1036,4,845,1,0,1,1957,1957,0,11500,Edwards,TA,TA,N,845,53,53,0,3380,3380,0,0.073478,84000
1037,9,1620,3,1620,2,2007,2008,1,12898,Timber,Gd,Ex,Y,3240,3,2,1,14580,29160,1,0.125601,315500
1038,8,2263,2,1055,2,2001,2002,1,9240,CollgCr,Gd,Gd,Y,3318,9,8,1,18104,26544,1,0.244913,287000
1039,4,1344,0,546,1,1970,2008,1,1533,MeadowV,TA,TA,Y,1890,40,2,1,5376,7560,1,0.876712,97000
1040,4,630,1,630,1,1970,1970,0,1477,MeadowV,TA,TA,Y,1260,40,40,0,2520,5040,0,0.42654,80000
1041,5,1803,2,1134,2,1957,2000,1,13125,Sawyer,TA,TA,Y,2937,53,10,1,9015,14685,1,0.137371,155000
1042,6,1632,2,800,1,1966,2000,0,9130,NWAmes,TA,Gd,Y,2432,44,10,1,9792,14592,0,0.178751,173000
1043,6,1306,2,1306,2,2005,2005,1,5381,NridgHt,Gd,Gd,Y,2612,5,5,0,7836,15672,1,0.242706,196000
1044,7,2329,2,1475,2,1990,1990,1,11839,SawyerW,TA,Gd,Y,3804,20,20,0,16303,26628,1,0.196723,262280
1045,8,2524,2,2524,2,1981,1981,1,9600,NWAmes,Gd,Gd,Y,5048,29,29,0,20192,40384,1,0.262917,278000
1046,3,1733,2,0,2,1955,1955,1,13680,Edwards,TA,TA,Y,1733,55,55,0,5199,5199,1,0.126681,139600
1047,9,2868,3,1992,3,2005,2006,1,16056,StoneBr,Gd,Ex,Y,4860,5,4,1,25812,43740,1,0.178625,556581
1048,5,990,2,990,1,1994,1995,0,9245,CollgCr,TA,TA,Y,1980,16,15,1,4950,9900,0,0.107085,145000
1049,5,1771,2,0,1,1960,2006,1,21750,Mitchel,TA,TA,Y,1771,50,4,1,8855,8855,1,0.081425,115000
1050,4,930,1,0,1,1946,2006,0,11100,Edwards,TA,Gd,Y,930,64,4,1,3720,3720,0,0.083784,84900
1051,7,1302,2,1302,2,2007,2007,0,8993,Gilbert,Gd,Gd,Y,2604,3,3,0,9114,18228,0,0.144779,176485
1052,7,1316,2,1316,2,2007,2007,1,11175,CollgCr,Gd,Gd,Y,2632,3,3,0,9212,18424,1,0.117763,200141
1053,6,1977,2,816,1,1964,1978,1,9500,NAmes,TA,TA,Y,2793,46,32,1,11862,16758,1,0.208105,165000
1054,5,1526,1,1216,1,1957,2002,1,8562,Edwards,TA,TA,Y,2742,53,8,1,7630,13710,1,0.178229,144500
1055,8,1989,2,1065,2,2002,2002,1,11367,CollgCr,Gd,Gd,Y,3054,8,8,0,15912,24432,1,0.17498,255000
1056,6,1523,2,1193,2,1976,1976,1,11361,NWAmes,TA,TA,Y,2716,34,34,0,9138,16296,1,0.134055,180000
1057,7,1364,2,1364,2,2005,2005,1,7052,NridgHt,Gd,Gd,Y,2728,5,5,0,9548,19096,1,0.19342,185850
1058,7,1850,2,973,2,1994,1994,1,29959,NoRidge,Gd,Gd,Y,2823,16,16,0,12950,19761,1,0.061751,248000
1059,9,2184,3,1104,2,2008,2008,1,11308,NridgHt,Ex,Ex,Y,3288,2,2,0,19656,29592,1,0.193138,335000
1060,6,1991,2,854,1,1932,1950,1,11275,Crawfor,TA,TA,Y,2845,78,60,1,11946,17070,1,0.176585,220000
1061,8,1338,2,1338,2,2001,2001,0,4920,StoneBr,Gd,Gd,Y,2676,9,9,0,10704,21408,0,0.271951,213500
1062,3,894,3,894,1,1935,1950,0,18000,IDOTRR,Fa,TA,Y,1788,75,60,1,2682,5364,0,0.049667,81000
1063,5,2337,2,662,2,1900,1950,0,13600,OldTown,TA,TA,N,2999,110,60,1,11685,14995,0,0.171838,90000
1064,6,1103,2,1103,1,1925,1980,1,6000,OldTown,TA,Gd,Y,2206,85,30,1,6618,13236,1,0.183833,110500
1065,5,1154,2,1154,1,1966,1966,1,11000,NAmes,TA,TA,Y,2308,44,44,0,5770,11540,1,0.104909,154000
1066,7,2260,2,1306,2,1996,1997,0,14000,ClearCr,Gd,Gd,Y,3566,14,13,1,15820,24962,0,0.161429,328000
1067,6,1571,2,799,2,1993,1994,1,7837,Gilbert,Gd,TA,Y,2370,17,16,1,9426,14220,1,0.200459,178000
1068,6,1611,2,780,1,1964,1964,0,9760,NAmes,TA,TA,Y,2391,46,46,0,9666,14346,0,0.165061,167900
1069,6,2521,2,942,2,1973,1973,1,3964,MeadowV,TA,TA,Y,3463,37,37,0,15126,20778,1,0.635974,151400
1070,5,893,2,845,1,1949,2003,0,9600,NAmes,TA,Gd,Y,1738,61,7,1,4465,8690,0,0.093021,135000
1071,5,1048,1,1048,1,1956,1956,0,10152,NAmes,TA,TA,Y,2096,54,54,0,5240,10480,0,0.103231,135000
1072,6,1556,2,727,1,1968,1968,0,11700,NWAmes,TA,TA,Y,2283,42,42,0,9336,13698,0,0.132991,154000
1073,5,1456,1,810,1,1948,1950,1,7585,Edwards,TA,TA,Y,2266,62,60,1,7280,11330,1,0.191958,91500
1074,6,1426,2,690,1,1977,1977,0,7950,Edwards,TA,TA,Y,2116,33,33,0,8556,12696,0,0.179371,159500
1075,7,1240,3,1240,2,2006,2006,0,8556,CollgCr,Gd,Gd,Y,2480,4,4,0,8680,17360,0,0.144928,194000
1076,7,1740,1,800,1,1940,1984,2,13125,Crawfor,TA,TA,Y,2540,70,26,1,12180,17780,1,0.132571,219500
1077,5,1466,2,796,2,1936,1989,1,10800,OldTown,TA,Gd,Y,2262,74,21,1,7330,11310,1,0.135741,170000
1078,5,1096,1,1096,1,1969,1969,0,15870,NAmes,TA,TA,Y,2192,41,41,0,5480,10960,0,0.069061,138800
1079,6,848,2,848,1,2004,2004,1,4435,CollgCr,Gd,Gd,Y,1696,6,6,0,5088,10176,1,0.191206,155900
1080,5,990,1,990,1,1994,1994,0,8775,CollgCr,TA,TA,Y,1980,16,16,0,4950,9900,0,0.112821,126000
1081,6,1258,2,1258,2,1971,2004,0,11040,NWAmes,Gd,Gd,Y,2516,39,6,1,7548,15096,0,0.113949,145000
1082,5,1040,1,1040,1,1963,1963,0,7500,Sawyer,TA,TA,Y,2080,47,47,0,5200,10400,0,0.138667,133000
1083,7,1459,2,1459,2,2002,2002,1,8749,CollgCr,Gd,Gd,Y,2918,8,8,0,10213,20426,1,0.166762,192000
1084,6,1251,1,1251,1,1964,1964,2,8800,NAmes,TA,TA,Y,2502,46,46,0,7506,15012,1,0.142159,160000
1085,6,1498,2,691,2,1995,1996,1,13031,Gilbert,TA,TA,Y,2189,15,14,1,8988,13134,1,0.114957,187500
1086,6,996,2,936,1,1992,1992,0,9069,SawyerW,TA,Gd,Y,1932,18,18,0,5976,11592,0,0.109825,147000
1087,4,1092,1,546,1,1973,1973,0,1974,MeadowV,TA,TA,Y,1638,37,37,0,4368,6552,0,0.553191,83500
1088,8,1953,3,1082,2,2005,2006,1,10574,Somerst,Gd,Gd,Y,3035,5,4,1,15624,24280,1,0.184698,252000
1089,7,1709,2,970,2,2004,2004,0,2522,Edwards,Gd,Gd,Y,2679,6,6,0,11963,18753,0,0.677637,137500
1090,8,1247,2,1247,1,2005,2005,1,3316,Somerst,Gd,Gd,Y,2494,5,5,0,9976,19952,1,0.376055,197000
1091,3,1040,2,0,2,1950,1950,0,8544,NAmes,TA,TA,N,1040,60,60,0,3120,3120,0,0.121723,92900
1092,7,1252,2,600,2,1999,2000,0,2160,Somerst,Gd,Gd,Y,1852,11,10,1,8764,12964,0,0.57963,160000
1093,6,1694,2,1181,2,1925,1950,1,8400,SWISU,TA,TA,Y,2875,85,60,1,10164,17250,1,0.201667,136500
1094,5,1200,2,864,1,1965,1998,0,9230,NAmes,TA,Gd,Y,2064,45,12,1,6000,10320,0,0.130011,146000
1095,5,936,1,936,1,1956,2000,0,5868,NAmes,TA,TA,Y,1872,54,10,1,4680,9360,0,0.159509,129000
1096,6,1314,2,1314,2,2006,2006,1,9317,CollgCr,Gd,Gd,Y,2628,4,4,0,7884,15768,1,0.141033,176432
1097,6,1355,0,684,1,1914,2006,0,6882,IDOTRR,TA,Gd,Y,2039,96,4,1,8130,12234,0,0.19689,127000
1098,8,1088,2,1074,1,1986,1986,0,3696,StoneBr,Gd,Gd,Y,2162,24,24,0,8704,17296,0,0.294372,170000
1099,4,1324,1,672,1,1936,1950,0,6000,BrkSide,TA,TA,Y,1996,74,60,1,5296,7984,0,0.220667,128000
1100,7,1601,2,1271,2,1978,1978,1,11880,NWAmes,TA,TA,Y,2872,32,32,0,11207,20104,1,0.134764,157000
1101,2,438,1,290,1,1920,1950,0,8400,SWISU,TA,Fa,N,728,90,60,1,876,1456,0,0.052143,60000
1102,5,950,1,950,1,1971,1971,0,9758,NAmes,TA,TA,Y,1900,39,39,0,4750,9500,0,0.097356,119500
1103,5,1134,1,1010,1,1960,2002,0,7000,NAmes,TA,TA,Y,2144,50,8,1,5670,10720,0,0.162,135000
1104,6,1194,2,655,1,1959,1959,1,8910,NAmes,TA,TA,Y,1849,51,51,0,7164,11094,1,0.134007,159500
1105,5,1302,2,630,2,1970,1970,0,2016,BrDale,TA,TA,Y,1932,40,40,0,6510,9660,0,0.645833,106000
1106,8,2622,2,1463,2,1994,1995,2,12256,NoRidge,Gd,Gd,Y,4085,16,15,1,20976,32680,1,0.213936,325000
1107,7,1442,2,910,2,1990,1991,1,10357,SawyerW,Gd,Gd,Y,2352,20,19,1,10094,16464,1,0.13923,179900
1108,7,2021,2,868,2,2006,2006,1,23257,Gilbert,Gd,Gd,Y,2889,4,4,0,14147,20223,1,0.086899,274725
1109,6,1690,2,924,2,2000,2000,1,8063,Gilbert,TA,TA,Y,2614,10,10,0,10140,15684,1,0.209599,181000
1110,8,1836,3,1836,2,2004,2005,1,11362,NridgHt,Gd,Gd,Y,3672,6,5,1,14688,29376,1,0.161591,280000
1111,6,1658,2,773,2,1995,1996,1,8000,Gilbert,TA,TA,Y,2431,15,14,1,9948,14586,1,0.20725,188000
1112,7,1964,2,803,2,1976,1976,1,10480,NWAmes,TA,TA,Y,2767,34,34,0,13748,19369,1,0.187405,205000
1113,5,816,1,816,1,1957,1957,0,7100,NAmes,TA,TA,Y,1632,53,53,0,4080,8160,0,0.11493,129900
1114,5,1008,1,1008,1,1953,2006,0,8923,NAmes,TA,Gd,Y,2016,57,4,1,5040,10080,0,0.112966,134500
1115,5,833,1,833,1,1954,2000,0,5400,OldTown,TA,Gd,Y,1666,56,10,1,4165,8330,0,0.154259,117000
1116,8,1734,3,1734,2,2007,2007,1,12085,NridgHt,Gd,Ex,Y,3468,3,3,0,13872,27744,1,0.143484,318000
1117,8,1419,2,408,2,2002,2002,1,7750,Gilbert,Gd,Gd,Y,1827,8,8,0,11352,14616,1,0.183097,184100
1118,5,894,2,894,1,1967,2003,0,9764,Sawyer,TA,Gd,Y,1788,43,7,1,4470,8940,0,0.091561,130000
1119,5,1601,1,533,1,1958,1987,0,13825,Sawyer,TA,TA,Y,2134,52,23,1,8005,10670,0,0.115805,140000
1120,5,1040,1,1040,1,1959,1959,0,7560,NAmes,TA,TA,Y,2080,51,51,0,5200,10400,0,0.137566,133700
1121,6,1012,1,1012,1,1920,1950,1,8263,IDOTRR,TA,TA,Y,2024,90,60,1,6072,12144,1,0.122474,118400
1122,7,1552,3,1552,2,2005,2006,0,10084,CollgCr,Gd,Gd,Y,3104,5,4,1,10864,21728,0,0.153907,212900
1123,4,960,1,672,1,1956,1956,0,8926,Edwards,TA,TA,Y,1632,54,54,0,3840,6528,0,0.107551,112000
1124,5,698,0,698,1,1947,2008,0,9405,Edwards,TA,TA,Y,1396,63,2,1,3490,6980,0,0.074216,118000
1125,7,1482,2,384,2,1992,1992,1,9125,Gilbert,TA,Gd,Y,1866,18,18,0,10374,13062,1,0.162411,163900
1126,4,1005,2,1005,1,1955,1955,1,10434,NAmes,TA,Fa,Y,2010,55,55,0,4020,8040,1,0.09632,115000
1127,7,1555,3,1373,2,2007,2007,1,3684,Blmngtn,Gd,Gd,Y,2928,3,3,0,10885,20496,1,0.422096,174000
1128,7,1530,3,1530,2,2004,2004,1,14572,Gilbert,Gd,Gd,Y,3060,6,6,0,10710,21420,1,0.104996,259000
1129,7,1959,2,847,2,2004,2005,1,11796,Gilbert,Gd,Gd,Y,2806,6,5,1,13713,19642,1,0.166073,215000
1130,5,936,2,936,1,1980,1980,0,7200,OldTown,TA,TA,Y,1872,30,30,0,4680,9360,0,0.13,140000
1131,4,1981,2,1122,2,1928,1950,2,7804,SWISU,TA,Gd,Y,3103,82,60,1,7924,12412,1,0.253844,135000
1132,5,974,0,974,1,1991,1992,0,10712,Mitchel,TA,TA,Y,1948,19,18,1,4870,9740,0,0.090926,93500
1133,6,2210,1,1008,2,1880,1950,0,9900,OldTown,TA,Fa,Y,3218,130,60,1,13260,19308,0,0.223232,117500
1134,8,2020,2,1128,2,1995,1995,1,9828,SawyerW,Gd,Gd,Y,3148,15,15,0,16160,25184,1,0.205535,239500
1135,6,1600,2,916,2,1997,1997,1,8773,Gilbert,TA,TA,Y,2516,13,13,0,9600,15096,1,0.182378,169000
1136,6,986,1,960,1,1926,1950,1,6180,BrkSide,TA,TA,N,1946,84,60,1,5916,11676,1,0.159547,102000
1137,6,1252,1,1032,1,1950,1950,0,9600,NAmes,TA,TA,Y,2284,60,60,0,7512,13704,0,0.130417,119000
1138,5,1020,0,780,1,1875,1996,0,6342,Sawyer,TA,TA,N,1800,135,14,1,5100,9000,0,0.160833,94000
1139,6,1567,2,1567,2,1977,1977,2,9819,Mitchel,TA,Gd,Y,3134,33,33,0,9402,18804,1,0.159589,196000
1140,5,1167,2,915,1,1920,1950,1,8731,BrkSide,TA,TA,Y,2082,90,60,1,5835,10410,1,0.133662,144000
1141,5,952,2,952,1,1951,1951,0,7350,NAmes,TA,TA,Y,1904,59,59,0,4760,9520,0,0.129524,139000
1142,5,1868,2,780,2,1976,1976,1,10304,NWAmes,TA,Gd,Y,2648,34,34,0,9340,13240,1,0.181289,197500
1143,8,2828,3,1466,3,2006,2007,1,9965,CollgCr,Gd,Gd,Y,4294,4,3,1,22624,34352,1,0.283793,424870
1144,5,1006,0,1006,1,1959,1959,0,9000,Sawyer,TA,TA,Y,2012,51,51,0,5030,10060,0,0.111778,80000
1145,4,924,1,672,1,1941,1950,0,12180,Edwards,TA,Fa,N,1596,69,60,1,3696,6384,0,0.075862,80000
1146,5,1576,1,1042,1,1928,1950,1,6240,BrkSide,TA,TA,Y,2618,82,60,1,7880,13090,1,0.252564,149000
1147,6,1298,2,1298,2,1985,1985,1,11200,SawyerW,Gd,Gd,Y,2596,25,25,0,7788,15576,1,0.115893,180000
1148,7,1564,1,704,1,1941,1950,1,12000,Crawfor,TA,Fa,Y,2268,69,60,1,10948,15876,1,0.130333,174500
1149,7,1111,1,572,1,1926,1950,1,5700,OldTown,TA,TA,Y,1683,84,60,1,7777,11781,1,0.194912,116900
1150,7,1482,2,650,1,1920,1988,0,9000,OldTown,TA,TA,Y,2132,90,22,1,10374,14924,0,0.164667,143000
1151,6,932,1,932,1,1950,1950,1,8280,NAmes,TA,Gd,Y,1864,60,60,0,5592,11184,1,0.11256,124000
1152,5,1466,2,1466,1,1959,1959,2,17755,Edwards,TA,Fa,Y,2932,51,51,0,7330,14660,1,0.082568,149900
1153,6,1811,2,1073,1,1956,2004,1,14115,Crawfor,TA,Ex,Y,2884,54,6,1,10866,17304,1,0.128303,230000
1154,6,816,1,816,1,1930,2007,0,5890,IDOTRR,Gd,TA,Y,1632,80,3,1,4896,9792,0,0.13854,120500
1155,7,1820,2,864,1,1965,1988,2,13700,NAmes,TA,Gd,Y,2684,45,22,1,12740,18788,1,0.132847,201800
1156,5,1437,2,1437,2,1976,2004,1,10768,Veenker,Gd,Gd,Y,2874,34,6,1,7185,14370,1,0.133451,218000
1157,5,1265,2,1219,2,1965,1999,1,9350,NAmes,TA,Gd,Y,2484,45,11,1,6325,12420,1,0.135294,179900
1158,7,1314,2,1314,2,2007,2008,1,5001,NridgHt,Gd,Gd,Y,2628,3,2,1,9198,18396,1,0.262747,230000
1159,8,1580,3,1580,2,2007,2008,0,11932,Somerst,Gd,Gd,Y,3160,3,2,1,12640,25280,0,0.132417,235128
1160,6,1876,2,901,2,1974,1974,1,9120,NWAmes,Gd,Gd,Y,2777,36,36,0,11256,16662,1,0.205702,185000
1161,6,1456,2,855,2,1978,1978,1,2280,NPkVill,TA,TA,Y,2311,32,32,0,8736,13866,1,0.638596,146000
1162,6,1640,2,1296,1,1954,2006,1,14778,Crawfor,Gd,Gd,Y,2936,56,4,1,9840,17616,1,0.110976,224000
1163,5,894,2,894,1,1968,1968,1,8724,Sawyer,TA,TA,Y,1788,42,42,0,4470,8940,1,0.102476,129000
1164,4,1258,2,1198,0,1969,1969,0,12900,Sawyer,TA,TA,Y,2456,41,41,0,5032,9824,0,0.097519,108959
1165,5,1432,2,1360,1,1978,1978,1,16157,Veenker,TA,Gd,Y,2792,32,32,0,7160,13960,1,0.08863,194000
1166,7,1502,2,1502,2,2009,2009,0,9541,NridgHt,Gd,Gd,Y,3004,1,1,0,10514,21028,0,0.157426,233170
1167,8,1694,3,1694,2,2008,2008,0,10475,CollgCr,Gd,Gd,Y,3388,2,2,0,13552,27104,0,0.161718,245350
1168,6,1671,2,959,2,2000,2000,1,10852,Gilbert,TA,TA,Y,2630,10,10,0,10026,15780,1,0.153981,173000
1169,6,2108,2,1127,2,1935,1986,2,13728,Edwards,TA,Gd,Y,3235,75,24,1,12648,19410,1,0.153555,235000
1170,10,3627,3,1930,3,1995,1996,1,35760,NoRidge,Gd,Gd,Y,5557,15,14,1,36270,55570,1,0.101426,625000
1171,6,1118,1,1096,1,1977,1977,1,9880,Mitchel,TA,TA,Y,2214,33,33,0,6708,13284,1,0.113158,171000
1172,6,1261,2,1261,1,1958,1958,1,9120,NAmes,TA,TA,Y,2522,52,52,0,7566,15132,1,0.138268,163000
1173,7,1250,2,625,2,2006,2007,0,4017,Somerst,Gd,Gd,Y,1875,4,3,1,8750,13125,0,0.311177,171900
1174,5,3086,0,1598,3,1946,1994,1,18030,ClearCr,TA,Ex,Y,4684,64,16,1,15430,23420,1,0.171159,200500
1175,6,2345,2,952,2,1932,1950,1,16560,Crawfor,TA,TA,Y,3297,78,60,1,14070,19782,1,0.141606,239000
1176,8,2872,2,1683,2,1992,2000,1,10678,NoRidge,Gd,Gd,Y,4555,18,10,1,22976,36440,1,0.268964,285000
1177,5,923,1,876,1,1984,1985,0,6951,Mitchel,TA,TA,Y,1799,26,25,1,4615,8995,0,0.132787,119500
1178,6,1224,1,818,1,1926,2004,0,3950,OldTown,TA,TA,Y,2042,84,6,1,7344,12252,0,0.309873,115000
1179,5,1343,1,731,1,1921,1950,1,7681,Crawfor,TA,TA,Y,2074,89,60,1,6715,10370,1,0.174847,154900
1180,5,1124,0,0,1,1954,1954,1,8335,Edwards,TA,TA,Y,1124,56,56,0,5620,5620,1,0.134853,93000
1181,7,2514,2,1216,2,1990,1991,0,11170,Timber,TA,TA,Y,3730,20,19,1,17598,26110,0,0.225067,250000
1182,8,1652,2,1600,2,2008,2008,1,5587,Crawfor,Ex,Gd,Y,3252,2,2,0,13216,26016,1,0.295686,392500
1183,10,4476,3,2396,3,1996,1996,2,15623,NoRidge,Gd,Ex,Y,6872,14,14,0,44760,68720,1,0.286501,745000
1184,5,1130,2,1120,1,1920,1950,1,10800,OldTown,TA,TA,Y,2250,90,60,1,5650,11250,1,0.10463,120000
1185,5,1572,3,1572,1,1963,1963,2,35133,Timber,TA,TA,Y,3144,47,47,0,7860,15720,1,0.044744,186700
1186,5,1221,1,784,1,1924,1950,0,9738,Edwards,TA,TA,Y,2005,86,60,1,6105,10025,0,0.125385,104900
1187,3,1699,2,978,2,1900,1970,0,10615,OldTown,TA,TA,Y,2677,110,40,1,5097,8031,0,0.160057,95000
1188,8,1624,3,1624,2,1994,1995,1,12461,NoRidge,Gd,Gd,Y,3248,16,15,1,12992,25984,1,0.130327,262000
1189,7,1660,2,831,2,2002,2002,0,8935,CollgCr,Gd,Gd,Y,2491,8,8,0,11620,17437,0,0.185786,195000
1190,7,1804,2,994,2,1999,1999,1,7500,Gilbert,TA,Gd,Y,2798,11,11,0,12628,19586,1,0.240533,189000
1191,4,1622,4,1249,1,1961,1975,1,32463,Mitchel,TA,TA,Y,2871,49,35,1,6488,11484,1,0.049965,168000
1192,8,1441,2,776,2,1999,2000,0,2645,Somerst,Gd,Gd,Y,2217,11,10,1,11528,17736,0,0.544802,174000
1193,5,1472,1,702,1,1925,1994,0,9600,OldTown,TA,Gd,Y,2174,85,16,1,7360,10870,0,0.153333,125000
1194,6,1224,2,1224,2,1999,1999,0,4500,Mitchel,TA,TA,Y,2448,11,11,0,7344,14688,0,0.272,165000
1195,6,1352,1,663,1,1969,1969,0,9364,Sawyer,TA,TA,Y,2015,41,41,0,8112,12090,0,0.144383,158000
1196,6,1456,2,728,2,2005,2005,0,8029,Gilbert,TA,Gd,Y,2184,5,5,0,8736,13104,0,0.181343,176000
1197,7,1863,3,879,2,2006,2006,1,14054,Gilbert,Gd,Gd,Y,2742,4,4,0,13041,19194,1,0.13256,219210
1198,7,1690,1,815,1,1916,1950,1,8850,OldTown,TA,TA,Y,2505,94,60,1,11830,17535,1,0.19096,144000
1199,7,1212,2,1212,2,2001,2001,0,9100,CollgCr,Gd,Gd,Y,2424,9,9,0,8484,16968,0,0.133187,178000
1200,4,1382,2,1051,1,1963,1979,1,11235,Sawyer,TA,TA,Y,2433,47,31,1,5528,9732,1,0.123008,148000
1201,4,864,1,864,1,1970,1970,0,9353,NAmes,TA,TA,Y,1728,40,40,0,3456,6912,0,0.092377,116050
1202,7,1779,2,866,2,1998,1998,0,10400,CollgCr,TA,Gd,Y,2645,12,12,0,12453,18515,0,0.171058,197900
1203,5,1348,1,884,1,1925,1997,1,6000,BrkSide,TA,TA,Y,2232,85,13,1,6740,11160,1,0.224667,117000
1204,7,1630,2,1630,2,2000,2001,1,9750,CollgCr,Gd,Gd,Y,3260,10,9,1,11410,22820,1,0.167179,213000
1205,5,1074,2,1056,1,1975,1975,0,10140,NWAmes,TA,TA,Y,2130,35,35,0,5370,10650,0,0.105917,153500
1206,7,2196,3,2158,2,1990,1991,1,14684,SawyerW,Gd,Gd,Y,4354,20,19,1,15372,30478,1,0.149551,271900
1207,4,1056,1,1056,1,1966,1966,0,8900,SawyerW,TA,TA,Y,2112,44,44,0,4224,8448,0,0.118652,107000
1208,6,1700,2,1682,2,2003,2003,0,9135,CollgCr,Gd,Gd,Y,3382,7,7,0,10200,20292,0,0.186097,200000
1209,5,1283,2,931,1,1962,1980,0,7763,NAmes,TA,TA,Y,2214,48,30,1,6415,11070,0,0.165271,140000
1210,8,1660,2,1660,2,2006,2006,1,10182,Somerst,Gd,Gd,Y,3320,4,4,0,13280,26560,1,0.163033,290000
1211,6,1845,2,1055,2,1992,1992,1,11218,SawyerW,Gd,Gd,Y,2900,18,18,0,11070,17400,1,0.164468,189000
1212,8,1752,2,559,2,1988,2005,0,12134,Gilbert,Gd,TA,Y,2311,22,5,1,14016,18488,0,0.144388,164000
1213,4,672,1,672,1,1941,1950,0,9340,Edwards,TA,TA,Y,1344,69,60,1,2688,5376,0,0.071949,113000
1214,4,960,1,648,0,1965,2001,0,10246,Sawyer,TA,TA,Y,1608,45,9,1,3840,6432,0,0.093695,145000
1215,5,999,1,925,1,1962,1962,0,10205,NAmes,TA,TA,Y,1924,48,48,0,4995,9620,0,0.097893,134500
1216,5,894,1,894,1,1966,1966,0,7094,Sawyer,TA,TA,Y,1788,44,44,0,4470,8940,0,0.126022,125000
1217,6,1902,2,0,2,1978,1978,0,8930,Sawyer,TA,TA,Y,1902,32,32,0,11412,11412,0,0.21299,112000
1218,8,1314,2,1300,2,2009,2009,0,8640,Somerst,Gd,Gd,Y,2614,1,1,0,10512,20912,0,0.152083,229456
1219,4,912,0,0,1,1947,1950,0,6240,BrkSide,TA,TA,N,912,63,60,1,3648,3648,0,0.146154,80500
1220,6,1218,0,672,1,1971,1971,0,1680,BrDale,TA,TA,Y,1890,39,39,0,7308,11340,0,0.725,91500
1221,5,912,1,912,1,1964,1964,0,7800,NAmes,TA,TA,Y,1824,46,46,0,4560,9120,0,0.116923,115000
1222,5,1211,1,952,1,1968,1968,1,8250,Sawyer,TA,TA,Y,2163,42,42,0,6055,10815,1,0.146788,134000
1223,6,1846,1,1040,2,1949,1950,1,10496,NAmes,TA,TA,Y,2886,61,60,1,11076,17316,1,0.175877,143000
1224,5,2136,2,2136,2,1951,1951,0,10680,NAmes,TA,TA,N,4272,59,59,0,10680,21360,0,0.2,137900
1225,7,1490,2,788,2,2004,2005,1,15384,Gilbert,Gd,Gd,Y,2278,6,5,1,10430,15946,1,0.096854,184000
1226,6,1138,1,588,1,1958,1958,0,10482,NAmes,TA,TA,Y,1726,52,52,0,6828,10356,0,0.108567,145000
1227,6,1933,3,894,2,2007,2007,1,14598,Somerst,Gd,Gd,Y,2827,3,3,0,11598,16962,1,0.132415,214000
1228,5,912,2,912,1,1965,2008,0,8872,NAmes,TA,Gd,Y,1824,45,2,1,4560,9120,0,0.102795,147000
1229,9,1702,3,1702,1,2008,2008,1,8769,NridgHt,Ex,Ex,Y,3404,2,2,0,15318,30636,1,0.194093,367294
1230,5,1507,1,1075,2,1960,1960,0,7910,NAmes,TA,TA,Y,2582,50,50,0,7535,12910,0,0.190518,127000
1231,5,2620,2,1361,2,1977,1977,1,18890,Sawyer,TA,TA,Y,3981,33,33,0,13100,19905,1,0.138698,190000
1232,5,1190,2,1106,1,1962,1962,0,7728,NAmes,TA,TA,Y,2296,48,48,0,5950,11480,0,0.153986,132500
1233,4,1224,2,0,2,1962,1962,0,9842,NAmes,TA,TA,Y,1224,48,48,0,4896,4896,0,0.124365,101800
1234,5,1188,2,1188,1,1959,1959,0,12160,NAmes,TA,TA,Y,2376,51,51,0,5940,11880,0,0.097697,142000
1235,5,1964,0,940,1,1911,1950,0,8525,SWISU,TA,TA,N,2904,99,60,1,9820,14520,0,0.230381,130000
1236,5,1784,1,747,1,1914,1950,0,13132,Crawfor,TA,TA,Y,2531,96,60,1,8920,12655,0,0.135851,138887
1237,7,1626,2,764,2,2003,2003,0,2628,NridgHt,Gd,Gd,Y,2390,7,7,0,11382,16730,0,0.618721,175500
1238,7,1948,2,847,2,2004,2005,1,12393,CollgCr,Gd,Gd,Y,2795,6,5,1,13636,19565,1,0.157186,195000
1239,6,1141,2,1141,1,2005,2005,0,13072,SawyerW,Gd,TA,Y,2282,5,5,0,6846,13692,0,0.087286,142500
1240,8,1484,2,1476,2,2006,2006,1,9037,Timber,Gd,Ex,Y,2960,4,4,0,11872,23680,1,0.164214,265900
1241,7,1768,2,884,2,2003,2003,0,8158,CollgCr,Gd,Gd,Y,2652,7,7,0,12376,18564,0,0.21672,224900
1242,7,1689,3,1689,2,2007,2007,0,9849,Somerst,Gd,Gd,Y,3378,3,3,0,11823,23646,0,0.171489,248328
1243,7,1173,2,1053,2,1974,1974,2,10625,NWAmes,TA,Gd,Y,2226,36,36,0,8211,15582,1,0.1104,170000
1244,10,2076,3,2076,2,2006,2006,1,13891,NridgHt,Ex,Ex,Y,4152,4,4,0,20760,41520,1,0.149449,465000
1245,8,1517,2,792,1,1929,1950,2,11435,Crawfor,TA,Gd,Y,2309,81,60,1,12136,18472,1,0.132663,230000
1246,6,1868,2,585,3,1984,2003,1,12090,NWAmes,TA,TA,Y,2453,26,7,1,11208,14718,1,0.154508,178000
1247,7,1553,2,756,2,2005,2006,0,8125,Somerst,Gd,Gd,Y,2309,5,4,1,10871,16163,0,0.191138,186500
1248,6,1034,3,1012,1,1976,1976,0,12328,Mitchel,TA,TA,Y,2046,34,34,0,6204,12276,0,0.083874,169900
1249,6,2058,2,735,1,1917,1950,1,9600,OldTown,TA,TA,N,2793,93,60,1,12348,16758,1,0.214375,129500
1250,5,988,1,876,1,1950,1950,0,7200,NAmes,TA,TA,Y,1864,60,60,0,4940,9320,0,0.137222,119000
1251,7,2110,2,2110,2,1968,1968,2,11160,NAmes,Gd,Ex,Y,4220,42,42,0,14770,29540,1,0.189068,244000
1252,7,1405,2,1405,2,2003,2003,1,3136,NridgHt,Gd,Gd,Y,2810,7,7,0,9835,19670,1,0.448023,171750
1253,5,874,1,864,1,1968,1968,0,9858,Mitchel,TA,TA,Y,1738,42,42,0,4370,8690,0,0.088659,130000
1254,7,2167,2,1192,2,1974,2003,2,17542,Veenker,Gd,Gd,Y,3359,36,7,1,15169,23513,1,0.123532,294000
1255,7,1656,2,746,2,2003,2004,1,6931,Edwards,Gd,Gd,Y,2402,7,6,1,11592,16814,1,0.238927,165400
1256,6,1367,1,884,1,1931,1950,1,6240,BrkSide,TA,TA,Y,2251,79,60,1,8202,13506,1,0.219071,127500
1257,8,1987,2,1986,2,1994,1994,1,14303,NoRidge,Gd,Gd,Y,3973,16,16,0,15896,31784,1,0.138922,301500
1258,5,864,0,864,1,1922,1950,0,4060,Edwards,TA,TA,Y,1728,88,60,1,4320,8640,0,0.212808,99900
1259,7,1166,2,856,2,2005,2005,0,9587,Gilbert,Gd,Gd,Y,2022,5,5,0,8162,14154,0,0.121623,190000
1260,6,1054,2,1054,1,1969,1969,0,9750,NAmes,TA,TA,Y,2108,41,41,0,6324,12648,0,0.108103,151000
1261,6,1675,2,841,2,1999,1999,1,24682,Gilbert,TA,TA,Y,2516,11,11,0,10050,15096,1,0.067863,181000
1262,5,1050,1,1050,1,1956,1956,0,9600,NAmes,TA,TA,Y,2100,54,54,0,5250,10500,0,0.109375,128900
1263,4,1788,1,1104,1,1957,1989,2,11250,ClearCr,TA,TA,Y,2892,53,21,1,7152,11568,1,0.158933,161500
1264,6,1824,2,764,1,1919,1950,1,13515,BrkSide,TA,TA,Y,2588,91,60,1,10944,15528,1,0.134961,180500
1265,6,1337,2,1405,2,1998,1999,0,4060,NAmes,Gd,Gd,Y,2742,12,11,1,8022,16452,0,0.32931,181000
1266,7,1452,2,691,2,1999,1999,0,3735,Somerst,Gd,Gd,Y,2143,11,11,0,10164,15001,0,0.388755,183900
1267,7,1889,1,925,1,1910,1950,1,10120,OldTown,Fa,TA,N,2814,100,60,1,13223,19698,1,0.18666,122000
1268,9,2018,3,2002,2,2008,2009,1,13214,Timber,Ex,Ex,Y,4020,2,1,1,18162,36180,1,0.152717,378500
1269,8,3447,3,728,3,1935,1997,2,14100,Crawfor,TA,Gd,Y,4175,75,13,1,27576,33400,1,0.244468,381000
1270,5,1524,1,874,1,1958,1958,0,11344,NAmes,TA,TA,Y,2398,52,52,0,7620,11990,0,0.134344,144000
1271,7,1524,2,1332,0,1979,1979,1,23595,ClearCr,Gd,Gd,Y,2856,31,31,0,10668,19992,1,0.06459,260000
1272,6,1489,2,1489,2,1968,1968,1,9156,NWAmes,TA,Gd,Y,2978,42,42,0,8934,17868,1,0.162626,185750
1273,5,935,1,935,1,1965,1965,0,13526,Sawyer,TA,TA,Y,1870,45,45,0,4675,9350,0,0.069126,137000
1274,6,1357,1,1019,1,1959,2006,1,11512,Edwards,TA,Ex,Y,2376,51,4,1,8142,14256,1,0.117877,177000
1275,5,1250,2,661,2,1910,2003,1,5362,Crawfor,TA,TA,Y,1911,100,7,1,6250,9555,1,0.233122,139000
1276,5,1920,2,928,2,1948,1950,0,11345,NAmes,TA,TA,Y,2848,62,60,1,9600,14240,0,0.169238,137000
1277,6,1395,2,723,1,1972,1972,1,12936,NWAmes,TA,TA,Y,2118,38,38,0,8370,12708,1,0.107839,162000
1278,6,1724,2,1680,1,1967,1976,1,17871,NWAmes,TA,TA,Y,3404,43,34,1,10344,20424,1,0.096469,197900
1279,8,2031,2,1128,2,2002,2002,1,9473,CollgCr,Gd,Gd,Y,3159,8,8,0,16248,25272,1,0.214399,237000
1280,4,1128,2,698,1,1920,1950,0,7500,IDOTRR,TA,TA,Y,1826,90,60,1,4512,7304,0,0.1504,68400
1281,7,1573,2,1573,2,2002,2002,0,9808,CollgCr,Gd,Gd,Y,3146,8,8,0,11011,22022,0,0.160379,227000
1282,7,1339,2,1309,2,1990,1990,1,8049,Timber,TA,TA,Y,2648,20,20,0,9373,18536,1,0.166356,180000
1283,5,1040,2,1040,2,1977,2008,0,8800,CollgCr,TA,Gd,Y,2080,33,2,1,5200,10400,0,0.118182,150500
1284,6,1824,0,912,2,1971,1971,0,9400,Mitchel,TA,TA,Y,2736,39,39,0,10944,16416,0,0.194043,139000
1285,6,2447,1,804,2,1919,1990,1,9638,SWISU,TA,Gd,Y,3251,91,20,1,14682,19506,1,0.253891,169000
1286,6,1412,1,780,1,1939,1950,1,6000,BrkSide,TA,TA,Y,2192,71,60,1,8472,13152,1,0.235333,132500
1287,6,1328,2,1328,1,1963,1963,2,9790,NWAmes,TA,TA,Y,2656,47,47,0,7968,15936,1,0.135649,143000
1288,5,1582,2,1624,2,1964,1964,0,36500,ClearCr,TA,TA,Y,3206,46,46,0,7910,16030,0,0.043342,190000
1289,8,1659,2,1501,2,2000,2000,1,5664,StoneBr,Gd,Ex,Y,3160,10,10,0,13272,25280,1,0.292903,278000
1290,8,1970,3,1085,2,2006,2006,1,11065,NridgHt,Gd,Ex,Y,3055,4,4,0,15760,24440,1,0.178039,281000
1291,5,1152,2,1152,1,1964,1964,1,14112,NAmes,TA,TA,Y,2304,46,46,0,5760,11520,1,0.081633,180500
1292,5,1302,1,630,2,1972,1972,0,1680,BrDale,TA,TA,Y,1932,38,38,0,6510,9660,0,0.775,119500
1293,5,2372,1,994,2,1892,1965,0,6600,OldTown,TA,TA,N,3366,118,45,1,11860,16830,0,0.359394,107500
1294,7,1664,2,832,2,1976,1976,1,10140,NWAmes,TA,TA,Y,2496,34,34,0,11648,17472,1,0.164103,162900
1295,5,864,2,864,1,1955,1990,0,8172,Edwards,TA,TA,Y,1728,55,20,1,4320,8640,0,0.105727,115000
1296,5,1052,1,1052,1,1968,1968,0,8400,NAmes,TA,TA,Y,2104,42,42,0,5260,10520,0,0.125238,138500
1297,5,1128,2,1120,2,1963,1963,0,8700,NAmes,TA,TA,Y,2248,47,47,0,5640,11240,0,0.129655,155000
1298,6,1072,2,547,2,2005,2006,0,3675,Edwards,TA,TA,Y,1619,5,4,1,6432,9714,0,0.291701,140000
1300,5,1246,1,1246,1,1959,1994,0,7500,NAmes,TA,Gd,Y,2492,51,16,1,6230,12460,0,0.166133,154000
1301,7,1983,2,978,2,1999,1999,1,10762,Gilbert,Gd,Gd,Y,2961,11,11,0,13881,20727,1,0.184259,225000
1302,6,1494,1,771,1,1942,1950,2,7500,Crawfor,TA,Gd,Y,2265,68,60,1,8964,13590,1,0.1992,177500
1303,8,2526,3,1165,2,1994,1994,1,10120,NoRidge,Gd,Gd,Y,3691,16,16,0,20208,29528,1,0.249605,290000
1304,7,1616,3,1616,2,2005,2005,0,8688,Somerst,Gd,Gd,Y,3232,5,5,0,11312,22624,0,0.186004,232000
1305,7,1708,2,976,2,2004,2004,0,3363,Edwards,Gd,Gd,Y,2684,6,6,0,11956,18788,0,0.50788,130000
1306,9,1652,2,1652,2,2006,2007,2,13173,NridgHt,Gd,Ex,Y,3304,4,3,1,14868,29736,1,0.125408,325000
1307,7,1368,2,1368,2,2005,2006,1,6955,NridgHt,Gd,Gd,Y,2736,5,4,1,9576,19152,1,0.196693,202500
1308,5,990,2,990,1,1994,1995,0,8072,CollgCr,TA,TA,Y,1980,16,15,1,4950,9900,0,0.122646,138000
1309,5,1122,2,924,1,1948,2005,0,12000,OldTown,TA,Gd,Y,2046,62,5,1,5610,10230,0,0.0935,147000
1310,6,1294,2,1278,2,1991,1991,0,7153,SawyerW,TA,Gd,Y,2572,19,19,0,7764,15432,0,0.180903,179200
1311,7,1902,2,1902,2,1959,2002,2,17500,Crawfor,Gd,Ex,Y,3804,51,8,1,13314,26628,1,0.108686,335000
1312,7,1274,2,1274,2,2005,2007,0,8814,CollgCr,Gd,Gd,Y,2548,5,3,1,8918,17836,0,0.144543,203000
1313,8,2810,2,1453,2,1990,1990,1,9572,NoRidge,Gd,Gd,Y,4263,20,20,0,22480,34104,1,0.293565,302000
1314,9,2599,3,1393,2,1999,1999,1,14774,NoRidge,Gd,Gd,Y,3992,11,11,0,23391,35928,1,0.175917,333168
1315,4,948,1,948,1,1954,1954,1,8190,Edwards,TA,TA,Y,1896,56,56,0,3792,7584,1,0.115751,119000
1316,6,2112,2,952,2,1969,1969,2,11075,NAmes,TA,TA,Y,3064,41,41,0,12672,18384,1,0.1907,206900
1317,8,1630,3,1622,2,2008,2008,1,10226,CollgCr,Gd,Ex,Y,3252,2,2,0,13040,26016,1,0.159398,295493
1318,7,1352,2,1352,2,2006,2007,1,4230,Somerst,Gd,Gd,Y,2704,4,3,1,9464,18928,1,0.319622,208900
1319,8,1787,3,1753,2,2001,2002,1,14781,CollgCr,Gd,Gd,Y,3540,9,8,1,14296,28320,1,0.120898,275000
1320,4,948,1,864,1,1954,1954,0,10215,Edwards,TA,TA,Y,1812,56,56,0,3792,7248,0,0.092805,111000
1321,6,1478,2,1478,1,1957,1957,2,8400,NAmes,TA,TA,Y,2956,53,53,0,8868,17736,1,0.175952,156500
1322,3,720,1,0,1,1949,1950,0,6627,BrkSide,TA,TA,N,720,61,60,1,2160,2160,0,0.108646,72500
1323,7,1923,2,750,2,1992,1992,1,10186,NoRidge,Gd,Gd,Y,2673,18,18,0,13461,18711,1,0.188789,190000
1324,4,708,0,420,1,1940,1950,0,5330,BrkSide,Fa,Fa,Y,1128,70,60,1,2832,4512,0,0.132833,82500
1325,8,1795,3,1795,2,2006,2007,1,9986,Somerst,Gd,Gd,Y,3590,4,3,1,14360,28720,1,0.179752,147000
1326,4,796,0,796,1,1922,1950,0,3636,IDOTRR,TA,TA,N,1592,88,60,1,3184,6368,0,0.218922,55000
1327,3,774,0,544,1,1931,2006,0,4270,Edwards,TA,Gd,Y,1318,79,4,1,2322,3954,0,0.181265,79000
1328,5,816,1,816,1,1982,2008,1,6600,Mitchel,Gd,Gd,Y,1632,28,2,1,4080,8160,1,0.123636,130500
1329,6,2792,2,1510,2,1920,1950,2,10440,OldTown,Gd,TA,Y,4302,90,60,1,16752,25812,1,0.267433,256000
1330,7,1632,2,935,2,1998,1998,1,9084,Gilbert,TA,TA,Y,2567,12,12,0,11424,17969,1,0.179657,176500
1331,8,1588,3,1588,2,2006,2006,1,10000,Somerst,Gd,Gd,Y,3176,4,4,0,12704,25408,1,0.1588,227000
1332,5,954,2,911,1,1976,1976,0,10780,CollgCr,TA,TA,Y,1865,34,34,0,4770,9325,0,0.088497,132500
1333,4,816,1,816,1,1938,1958,1,8877,Edwards,TA,TA,Y,1632,72,52,1,3264,6528,1,0.091923,100000
1334,5,1360,1,803,1,1938,1995,0,7200,IDOTRR,TA,Gd,Y,2163,72,15,1,6800,10815,0,0.188889,125500
1335,5,1365,2,765,1,1970,1970,0,2368,BrDale,TA,TA,Y,2130,40,40,0,6825,10650,0,0.576436,125000
1336,6,1334,2,1350,2,1977,1977,1,9650,NWAmes,TA,TA,Y,2684,33,33,0,8004,16104,1,0.138238,167900
1337,5,1656,2,1656,2,1973,1973,0,9246,NWAmes,TA,TA,Y,3312,37,37,0,8280,16560,0,0.179104,135000
1338,4,693,0,693,1,1941,1950,0,4118,OldTown,TA,Fa,N,1386,69,60,1,2772,5544,0,0.168286,52500
1339,7,1861,2,916,2,2002,2002,0,13450,CollgCr,Gd,Gd,Y,2777,8,8,0,13027,19439,0,0.138364,200000
1340,5,864,1,864,1,1972,1972,0,9560,CollgCr,TA,TA,Y,1728,38,38,0,4320,8640,0,0.090377,128500
1341,4,872,4,858,1,1971,1971,0,8294,NAmes,TA,TA,Y,1730,39,39,0,3488,6920,0,0.105136,123000
1342,6,1114,2,1114,1,2003,2004,0,13695,SawyerW,TA,Gd,Y,2228,7,6,1,6684,13368,0,0.081344,155000
1343,8,2169,2,1284,2,2002,2002,1,9375,CollgCr,Gd,Gd,Y,3453,8,8,0,17352,27624,1,0.23136,228500
1344,6,1913,2,896,1,1928,1950,1,7558,Crawfor,TA,TA,Y,2809,82,60,1,11478,16854,1,0.253109,177000
1345,7,1456,2,728,2,2006,2006,1,11103,CollgCr,Gd,Gd,Y,2184,4,4,0,10192,15288,1,0.131136,155835
1346,4,960,1,960,1,1920,1950,0,6000,OldTown,TA,Fa,Y,1920,90,60,1,3840,7680,0,0.16,108500
1347,7,2156,2,1568,2,1968,2003,1,20781,NWAmes,TA,TA,Y,3724,42,7,1,15092,26068,1,0.103749,262500
1348,8,1776,3,1732,2,2006,2007,1,15306,Timber,Gd,Gd,Y,3508,4,3,1,14208,28064,1,0.116033,283463
1349,7,1494,2,1482,2,1998,1998,1,16196,SawyerW,Gd,Gd,Y,2976,12,12,0,10458,20832,1,0.092245,215000
1350,8,2358,0,684,2,1872,1987,0,5250,OldTown,TA,TA,N,3042,138,23,1,18864,24336,0,0.449143,122000
1351,5,2634,4,1248,2,1969,1969,0,11643,NAmes,TA,TA,Y,3882,41,41,0,13170,19410,0,0.22623,200000
1352,6,1716,2,858,1,1962,1962,1,9247,NAmes,TA,TA,Y,2574,48,48,0,10296,15444,1,0.185574,171000
1353,6,1176,2,698,1,1937,2000,0,6000,BrkSide,Gd,TA,Y,1874,73,10,1,7056,11244,0,0.196,134900
1354,8,3238,3,2033,2,1995,1996,1,14720,NoRidge,Gd,Gd,Y,5271,15,14,1,25904,42168,1,0.219973,410000
1355,7,1865,3,992,2,2000,2000,1,10316,CollgCr,Gd,Gd,Y,2857,10,10,0,13055,19999,1,0.180787,235000
1356,7,1920,2,570,3,1968,1992,1,10192,NWAmes,TA,Gd,Y,2490,42,18,1,13440,17430,1,0.188383,170000
1357,5,892,1,864,1,1966,1966,0,9477,NAmes,TA,TA,Y,1756,44,44,0,4460,8780,0,0.094123,110000
1358,5,1078,2,1078,1,1971,2008,1,12537,NAmes,TA,TA,Y,2156,39,2,1,5390,10780,1,0.085985,149900
1359,6,1573,2,756,2,2000,2000,0,2117,Somerst,Gd,Gd,Y,2329,10,10,0,9438,13974,0,0.743033,177500
1360,9,1980,3,1980,2,2004,2005,1,16737,NridgHt,Gd,Ex,Y,3960,6,5,1,17820,35640,1,0.118301,315000
1361,5,2601,2,612,3,1921,1998,0,9842,SWISU,TA,TA,Y,3213,89,12,1,13005,16065,0,0.264276,189000
1362,7,1530,2,1530,2,2005,2005,1,16158,StoneBr,Gd,Gd,Y,3060,5,5,0,10710,21420,1,0.09469,260000
1363,4,1738,1,715,2,1920,2007,1,12513,NAmes,TA,TA,Y,2453,90,3,1,6952,9812,1,0.138896,104900
1364,6,1412,2,616,2,2006,2007,1,8499,Gilbert,TA,Gd,Y,2028,4,3,1,8472,12168,1,0.166137,156932
1365,7,1200,2,600,2,2005,2005,0,3180,Somerst,Gd,Gd,Y,1800,5,5,0,8400,12600,0,0.377358,144152
1366,7,1674,2,814,2,2000,2000,0,7500,Somerst,Gd,Gd,Y,2488,10,10,0,11718,17416,0,0.2232,216000
1367,7,1790,2,873,2,1999,1999,0,9179,CollgCr,Gd,Gd,Y,2663,11,11,0,12530,18641,0,0.19501,193000
1368,5,1475,1,757,2,1977,1977,1,2665,MeadowV,TA,TA,Y,2232,33,33,0,7375,11160,1,0.553471,127000
1369,6,848,2,848,1,2003,2004,0,4435,CollgCr,Gd,Gd,Y,1696,7,6,1,5088,10176,0,0.191206,144000
1370,8,1668,2,1657,2,2003,2003,1,10635,CollgCr,Gd,Gd,Y,3325,7,7,0,13344,26600,1,0.156841,232000
1371,4,1374,1,840,1,1920,1950,0,5400,OldTown,Fa,TA,Y,2214,90,60,1,5496,8856,0,0.254444,105000
1372,6,1661,1,992,1,1955,1996,1,9600,NAmes,TA,Gd,Y,2653,55,14,1,9966,15918,1,0.173021,165500
1373,7,2097,2,1108,2,1998,1998,1,9750,CollgCr,TA,Gd,Y,3205,12,12,0,14679,22435,1,0.215077,274300
1374,10,2633,3,2633,2,2001,2002,2,11400,NoRidge,Ex,Ex,Y,5266,9,8,1,26330,52660,1,0.230965,466500
1375,7,1958,3,1026,2,2005,2005,1,10625,Somerst,Gd,Gd,Y,2984,5,5,0,13706,20888,1,0.184282,250000
1376,8,1571,3,1571,2,2007,2007,1,10991,Timber,Gd,Gd,Y,3142,3,3,0,12568,25136,1,0.142935,239000
1377,6,790,1,768,1,1930,1950,0,6292,SWISU,TA,TA,N,1558,80,60,1,4740,9348,0,0.125556,91000
1378,5,1604,2,984,2,1941,1960,0,10998,Edwards,TA,TA,Y,2588,69,50,1,8020,12940,0,0.145845,117000
1379,6,987,1,483,1,1973,1973,0,1953,BrDale,TA,TA,Y,1470,37,37,0,5922,8820,0,0.505376,83000
1380,5,1394,2,384,2,2006,2007,0,9735,Timber,TA,Gd,Y,1778,4,3,1,6970,8890,0,0.143195,167500
1381,3,864,1,864,1,1914,1950,0,8212,Edwards,TA,TA,N,1728,96,60,1,2592,5184,0,0.105212,58500
1382,6,2117,2,1205,2,1970,1970,2,12925,NAmes,TA,TA,Y,3322,40,40,0,12702,19932,1,0.163791,237500
1383,7,1762,2,596,1,1920,1950,0,7200,OldTown,TA,Gd,Y,2358,90,60,1,12334,16506,0,0.244722,157000
1384,5,1416,2,816,2,1918,2007,0,25339,Sawyer,TA,Gd,Y,2232,92,3,1,7080,11160,0,0.055882,112000
1385,6,1258,1,560,1,1939,1950,0,9060,Edwards,TA,TA,Y,1818,71,60,1,7548,10908,0,0.138852,105000
1386,4,1154,1,796,1,1922,2007,0,5436,IDOTRR,TA,Gd,Y,1950,88,3,1,4616,7800,0,0.212288,125500
1387,7,2784,2,1392,3,1978,1978,2,16692,NWAmes,TA,Gd,Y,4176,32,32,0,19488,29232,1,0.166786,250000
1388,6,2526,1,714,2,1916,1950,1,8520,OldTown,TA,Gd,N,3240,94,60,1,15156,19440,1,0.296479,136000
1389,9,1746,3,1746,2,2006,2007,2,14892,Gilbert,Ex,Ex,Y,3492,4,3,1,15714,31428,1,0.117244,377500
1390,6,1218,2,735,1,1941,1950,1,6000,BrkSide,TA,TA,Y,1953,69,60,1,7308,11718,1,0.203,131000
1391,7,1525,2,1525,2,2000,2000,0,9100,CollgCr,Gd,Gd,Y,3050,10,10,0,10675,21350,0,0.167582,235000
1392,5,1584,3,1584,2,1967,1967,0,8944,NAmes,TA,TA,Y,3168,43,43,0,7920,15840,0,0.177102,124000
1393,5,900,1,864,1,1967,1967,1,7838,NAmes,TA,TA,Y,1764,43,43,0,4500,8820,1,0.114825,123000
1394,6,1912,2,482,2,1905,2000,1,10800,OldTown,TA,TA,N,2394,105,10,1,11472,14364,1,0.177037,163000
1395,7,1500,3,1356,2,2006,2006,1,4045,Blmngtn,Gd,Gd,Y,2856,4,4,0,10500,19992,1,0.370828,246578
1396,8,2482,3,1094,2,2005,2006,1,12665,Timber,Gd,Gd,Y,3576,5,4,1,19856,28608,1,0.195973,281213
1397,5,1687,2,747,1,1948,1950,2,57200,Timber,TA,TA,Y,2434,62,60,1,8435,12170,1,0.029493,160000
1398,5,1513,1,939,1,1920,2004,0,6120,BrkSide,TA,TA,Y,2452,90,6,1,7565,12260,0,0.247222,137500
1399,5,1904,1,1208,1,1950,1982,0,7200,NAmes,TA,TA,Y,3112,60,28,1,9520,15560,0,0.264444,138000
1400,6,1608,1,976,2,1925,1990,1,6171,SWISU,TA,Gd,Y,2584,85,20,1,9648,15504,1,0.260574,137450
1401,6,1158,1,862,1,1929,1950,1,6000,BrkSide,TA,TA,Y,2020,81,60,1,6948,12120,1,0.193,120000
1402,6,1593,2,839,2,2004,2004,1,7415,Gilbert,TA,TA,Y,2432,6,6,0,9558,14592,1,0.214835,193000
1403,7,1294,2,1286,2,2006,2006,1,6762,CollgCr,Gd,Gd,Y,2580,4,4,0,9058,18060,1,0.191364,193879
1404,8,1464,3,1485,2,2007,2007,0,15256,Somerst,Gd,Gd,Y,2949,3,3,0,11712,23592,0,0.095962,282922
1405,3,1214,3,672,1,1915,1950,0,10410,OldTown,TA,TA,Y,1886,95,60,1,3642,5658,0,0.116619,105000
1406,8,1646,2,1594,2,2004,2005,1,3842,Crawfor,Gd,Gd,Y,3240,6,5,1,13168,25920,1,0.428423,275000
1407,5,768,2,768,1,1972,2007,0,8445,CollgCr,TA,TA,Y,1536,38,3,1,3840,7680,0,0.090941,133000
1408,5,833,0,833,1,1985,1985,0,8780,Mitchel,TA,TA,Y,1666,25,25,0,4165,8330,0,0.094875,112000
1409,4,1363,2,622,1,1910,1950,0,7740,OldTown,TA,TA,Y,1985,100,60,1,5452,7940,0,0.176098,125500
1410,7,2093,2,791,2,1986,1991,1,20544,NWAmes,TA,TA,Y,2884,24,19,1,14651,20188,1,0.101879,215000
1411,7,1840,2,944,2,2001,2001,0,12420,CollgCr,Gd,Gd,Y,2784,9,9,0,12880,19488,0,0.148148,230000
1412,6,1668,1,856,1,1950,2005,0,9600,NAmes,TA,TA,Y,2524,60,5,1,10008,15144,0,0.17375,140000
1413,4,1040,2,0,2,1949,1950,0,7200,NAmes,TA,TA,N,1040,61,60,1,4160,4160,0,0.144444,90000
1414,8,1844,2,1844,2,2005,2006,1,10994,SawyerW,Gd,Gd,Y,3688,5,4,1,14752,29504,1,0.167728,257000
1415,6,1848,2,833,1,1923,2000,1,13053,BrkSide,TA,Gd,Y,2681,87,10,1,11088,16086,1,0.141577,207000
1416,7,1569,3,1386,2,2007,2007,1,3635,Blmngtn,Gd,Gd,Y,2955,3,3,0,10983,20685,1,0.431637,175900
1417,4,2290,2,777,2,1885,1950,0,11340,OldTown,TA,TA,Y,3067,125,60,1,9160,12268,0,0.20194,122500
1418,8,2450,3,1284,2,1998,1998,1,16545,NoRidge,Gd,Gd,Y,3734,12,12,0,19600,29872,1,0.148081,340000
1419,5,1144,1,1144,1,1963,1963,0,9204,NAmes,TA,TA,Y,2288,47,47,0,5720,11440,0,0.124294,124000
1420,6,1844,2,1844,2,1969,1969,1,16381,Crawfor,Gd,Gd,Y,3688,41,41,0,11064,22128,1,0.112569,223000
1421,6,1416,2,708,2,1968,1968,1,11700,NWAmes,TA,TA,Y,2124,42,42,0,8496,12744,1,0.121026,179900
1422,6,1069,2,1069,2,1977,1977,1,4043,NPkVill,TA,TA,Y,2138,33,33,0,6414,12828,1,0.264408,127500
1423,6,848,2,848,1,2003,2003,0,4435,CollgCr,Gd,Gd,Y,1696,7,7,0,5088,10176,0,0.191206,136500
1424,6,2201,2,697,2,1966,1966,1,19690,Edwards,Gd,Gd,Y,2898,44,44,0,13206,17388,1,0.111783,274970
1425,5,1344,1,1024,1,1958,1983,1,9503,NAmes,TA,TA,Y,2368,52,27,1,6720,11840,1,0.141429,144000
1426,6,1252,2,1252,1,1959,1959,0,10721,NAmes,Gd,Gd,Y,2504,51,51,0,7512,15024,0,0.11678,142000
1427,7,2127,2,1223,2,1994,1994,2,10944,NoRidge,Gd,Gd,Y,3350,16,16,0,14889,23450,1,0.194353,271000
1428,5,1558,1,913,1,1945,1950,1,10930,NAmes,TA,TA,Y,2471,65,60,1,7790,12355,1,0.142543,140000
1429,5,804,1,788,1,1940,1992,2,7200,OldTown,TA,Gd,Y,1592,70,18,1,4020,7960,1,0.111667,119000
1430,6,1440,2,1440,2,1981,1981,1,12546,NWAmes,Gd,Gd,Y,2880,29,29,0,8640,17280,1,0.114778,182900
1431,5,1838,2,732,2,2005,2005,1,21930,Gilbert,Gd,TA,Y,2570,5,5,0,9190,12850,1,0.083812,192140
1432,6,958,2,958,2,1976,1976,0,4928,NPkVill,TA,TA,Y,1916,34,34,0,5748,11496,0,0.194399,143750
1433,4,968,1,656,2,1927,2007,0,10800,OldTown,TA,TA,Y,1624,83,3,1,3872,6496,0,0.08963,64500
1434,6,1792,2,936,2,2000,2000,1,10261,Gilbert,TA,TA,Y,2728,10,10,0,10752,16368,1,0.174642,186500
1435,5,1126,2,1126,2,1977,1977,1,17400,Mitchel,TA,TA,Y,2252,33,33,0,5630,11260,1,0.064713,160000
1436,6,1537,2,1319,1,1962,2005,1,8400,NAmes,Gd,Gd,Y,2856,48,5,1,9222,17136,1,0.182976,174000
1437,4,864,2,864,1,1971,1971,0,9000,NAmes,TA,TA,Y,1728,39,39,0,3456,6912,0,0.096,120500
1438,8,1932,3,1932,2,2008,2008,1,12444,NridgHt,Ex,Ex,Y,3864,2,2,0,15456,30912,1,0.155256,394617
1439,6,1236,2,912,1,1957,1996,0,7407,OldTown,TA,TA,Y,2148,53,14,1,7416,12888,0,0.166869,149700
1440,7,1725,2,539,2,1979,1979,1,11584,NWAmes,TA,TA,Y,2264,31,31,0,12075,15848,1,0.148912,197000
1441,6,2555,2,588,2,1922,1994,1,11526,Crawfor,TA,TA,Y,3143,88,16,1,15330,18858,1,0.221673,191000
1442,6,848,2,848,1,2004,2004,1,4426,CollgCr,Gd,Gd,Y,1696,6,6,0,5088,10176,1,0.191595,149300
1443,10,2007,3,1017,2,2008,2008,1,11003,Somerst,Ex,Ex,Y,3024,2,2,0,20070,30240,1,0.182405,310000
1444,6,952,1,952,1,1916,1950,1,8854,BrkSide,TA,Fa,N,1904,94,60,1,5712,11424,1,0.107522,121000
1445,7,1422,2,1422,2,2004,2004,0,8500,CollgCr,Gd,Gd,Y,2844,6,6,0,9954,19908,0,0.167294,179600
1446,6,913,1,814,1,1966,1966,0,8400,Sawyer,TA,TA,Y,1727,44,44,0,5478,10362,0,0.10869,129000
1447,5,1188,1,1188,1,1962,1962,0,26142,Mitchel,TA,TA,Y,2376,48,48,0,5940,11880,0,0.045444,157900
1448,8,2090,2,1220,2,1995,1996,1,10000,CollgCr,Gd,Gd,Y,3310,15,14,1,16720,26480,1,0.209,240000
1449,4,1346,1,560,1,1910,2000,0,11767,Edwards,TA,TA,N,1906,100,10,1,5384,7624,0,0.114388,112000
1450,5,630,0,630,1,1970,1970,0,1533,MeadowV,TA,Ex,Y,1260,40,40,0,3150,6300,0,0.410959,92000
1451,5,1792,0,896,2,1974,1974,0,9000,NAmes,TA,TA,Y,2688,36,36,0,8960,13440,0,0.199111,136000
1452,8,1578,3,1573,2,2008,2009,1,9262,Somerst,Gd,Ex,Y,3151,2,1,1,12624,25208,1,0.170374,287090
1453,5,1072,2,547,1,2005,2005,0,3675,Edwards,TA,TA,Y,1619,5,5,0,5360,8095,0,0.291701,145000
1454,5,1140,0,1140,1,2006,2006,0,17217,Mitchel,TA,TA,Y,2280,4,4,0,5700,11400,0,0.066214,84500
1455,7,1221,2,1221,2,2004,2005,0,7500,Somerst,Gd,Gd,Y,2442,6,5,1,8547,17094,0,0.1628,185000
1456,6,1647,2,953,2,1999,2000,1,7917,Gilbert,TA,TA,Y,2600,11,10,1,9882,15600,1,0.208033,175000
1457,6,2073,2,1542,2,1978,1988,2,13175,NWAmes,TA,TA,Y,3615,32,22,1,12438,21690,1,0.157343,210000
1458,7,2340,1,1152,2,1941,2006,2,9042,Crawfor,Ex,Gd,Y,3492,69,4,1,16380,24444,1,0.258792,266500
1459,5,1078,1,1078,1,1950,1996,0,9717,NAmes,TA,Gd,Y,2156,60,14,1,5390,10780,0,0.11094,142125
1460,5,1256,1,1256,1,1965,1965,0,9937,Edwards,Gd,TA,Y,2512,45,45,0,6280,12560,0,0.126396,147500
